player_id,Player,D/I
3c13fc3b,E Frimpong,0.0
29b89ae8,WB Rankin,0.326
acdc62f5,A Nortje,0.238
85d8110a,KJ Coetzer,0.323
c2ecd4a7,N Ahir,0.363
a757b0d8,KA Pollard,0.432
e938e1bc,P Kumar,0.1
e3fbe553,Abdulmalik Jabarkhel,0.0
1bc71d98,Izhar Hussain,0.25
52062ed6,Ali Muaaz,0.0
c4ecc42c,Joshua Asia,0.266
ff1e08eb,Azam Khalil,0.333
78091b14,M Sidibe,0.0
d84a2d8e,DJ Reekers,0.4
8c911414,D Faletar,0.0
8c7d6cbe,MW Machan,0.538
6913e38e,Wahidullah Sahak,0.812
c079c66a,Noman Amjad,0.173
a72b14ff,CT Tremlett,0.0
72253b87,Kaleemullah,0.142
4d4dbd57,Ijaz Ahmad Ahmadzai,0.0
e6b3c3cc,Parveen Kumar,0.0
e6b3c3cc,Parveen Kumar,0.285
4f21dc48,Ahsan Abbasi,0.0
344292b2,Sivakumar,0.2
c3d1402f,RP Singh,0.222
b4b99816,Shubman Gill,0.238
ae1300a0,Lwin Maw,0.0
9b6ad88a,R Gunasekera,0.0
ecdfdd3c,C Bogdanos,0.666
b3f90695,Rafaqat Ali,0.0
3f5f39cd,Al-Amin Hossain,0.137
deb4469d,AT Chuvale,0.0
a36915ce,N Vanua,0.362
b75b7b09,Rakibul Hasan,0.0
b75b7b09,Rakibul Hasan,0.666
7fc8bb18,M Faheem,0.142
3346b14f,S Koppolu,0.0
f9d26872,Waleed Waqar,0.5
c01ca5af,CV Anto,0.37
0d4d3cb1,R Dhiman,0.0
383dd431,TD Astle,0.6
c3a96caf,Mandeep Singh,0.333
c3a96caf,Mandeep Singh,0.6
af8d9fd9,Yasir Mehmood,0.5
b67af1c4,Muhammad Jabir,0.25
ad76746f,TCR Kimber,0.333
04a418e8,R Parag,0.666
472455a3,T Whiteman,0.214
d2a6c0e6,EJG Morgan,0.403
88fac705,TJ Draca,0.5
4373c57e,JH Stander,0.181
9868bc75,BMAJ Mendis,0.318
ee9bdbc8,Zulqarnain Haider,0.333
ee9bdbc8,Zulqarnain Haider,0.09
fbc5c0c6,RDM Leverock,0.0
7bf39e5c,DE Burgess,0.333
2b6e6dec,AC Gilchrist,1.307
7f2cb055,MS Graham,0.166
3bc18521,VF Bomnyuy,0.0
99d63244,KM Jadhav,0.111
a9e63549,N Chejay,0.363
42151725,GK Berg,0.315
6c882e9a,PBB Rajapaksa,0.23
b857468a,V Vijh,0.119
76388dc8,S Badree,0.134
eb0f2802,M Koli,0.095
c03449e0,GD Elliott,0.235
8d995b86,S Gantulga,0.0
e45810ed,Abdul-Shakoor Rahimzei,0.5
7d85b1e9,BA Viraliliu,0.666
70d57519,AAP Atkinson,0.0
d613f046,M Whelan,0.153
7bb926a7,Tamoor Sajjad,0.812
ffb504b1,XM Marshall,0.25
7b0ea09e,Raja Shoaib,0.4
00757ae7,K Suttisan,0.5
1f74f675,T Yotharat,0.333
26e5cabf,MK Tiwary,0.666
d85d52c2,M Dixit,0.25
26529e00,Manoj Adhikari,0.727
f88dc8de,RB Patel,0.333
f88dc8de,RB Patel,0.146
46d037eb,Ammar Zuhdi Hazalan,1.0
4d6d6280,Salman Butt,0.125
a96b36af,D Maisuria,0.333
266473e2,Amoluk Singh,0.2
8a99caa9,Ashwin Vinod,0.25
e76c8732,T Amarmend,0.076
dc2abe5e,Ahsan Ali,0.0
7e6825be,Saif Ullah Malik,1.0
63a1874a,AK Kitchen,0.75
324edd0c,Jandu Hamoud,0.333
01b45044,Mohammad Amin,0.272
2e392afa,P Aho,0.222
5c88fab9,Awais Zia,0.0
c74c583b,R Bakum,0.357
9815de17,DP Michael,0.3
5f547c8b,Rashid Khan,0.0
5f547c8b,Rashid Khan,0.387
a1d95bd8,LB Williams,0.2
e2c882d1,AN Lascu,0.5
119678fd,KV Sharma,0.0
12f53be7,Abdul Rahman,0.0
12f53be7,Abdul Rahman,1.0
12f53be7,Abdul Rahman,0.4
be869ccf,GHS Garton,0.0
a0a27cd4,J Jagroo,0.0
96fd40ae,A Nehra,0.148
b3bad3f2,NR Kumar,0.416
073126d6,LS Barkania,0.2
d094e7d1,Abdur Rehman,0.75
88ee683b,Z Arinaitwe,0.0
bd3cecc6,Zohaib Sarwar,0.142
7f74b21d,ACF Stokes,0.437
c85bea6b,Yogev Nagavkar,0.0
78fcc740,Pavandeep Singh,0.215
490f475a,RD Atangana,0.071
d0540390,Nauman Anwar,0.0
28fcb027,NP Mayavo,0.0
e087956b,BA Stokes,0.523
3b572f28,Sikander Zulfiqar,0.363
5d6064b0,E Kuchey,0.5
4121a79a,Azmat Ali,0.0
b67bfaae,GE Mathurin,0.333
2cdce1be,C Sakariya,0.0
ab89348d,MF Maharoof,0.25
fa463154,AB Agarkar,0.0
634a7b21,BN Cooper,0.614
82c78845,Khurram Manzoor,0.0
5ab659d9,P Pirabakaran,0.333
fe11e1a3,K Kekez,0.333
5597338d,S Ravikumar,0.5
677c18f9,A Djorovic,0.181
c83ef4d6,Sandeep Goud,0.23
c83ef4d6,Sandeep Goud,0.321
4e1b4323,TS Kamunhukamwe,0.066
ba57fb08,Z Bimenyimana,0.263
7545a91a,DS Wesonga,1.0
514628bd,I Katzarski,0.166
1c366af1,E Batkhuyag,0.0
52980a48,TN de Grooth,0.285
4c7c6f58,RJMGM Rupasinghe,0.5
244009ae,Irfan Hafejee,0.1
ddcb8503,Asif Iqbal,0.333
3fa5672e,P Mishra,0.145
1bada9da,Ainool Hafizs,0.586
3cc13c68,Rahat Ali,0.333
8012d0b8,CAK Rajitha,0.055
f1f99156,TH David,0.627
26f12506,CT Mutombodzi,0.133
661e8a03,Ali Saleem,0.238
d2fcce2f,HMRKB Herath,0.0
ee1b6c27,N Thushara,0.0
ee40679e,HA Jackson,0.956
e85d03d6,BM Scholtz,0.23
2be41edb,MJ Guptill,0.561
f3c217a9,Wang Liuyang,0.75
7ee2ce62,VS Solanki,1.0
518d96de,MR Montfort,0.0
2e3dc859,YYM Jakda,0.153
69795fcd,MS Diakite,0.0
d9cdf81e,GY Prastama,0.25
cf17c429,Avi Dixit,0.214
e1370b54,WJR Robertson,0.0
ad8d5827,M Stanikzai,0.333
c45701b6,MP Biddappa,0.571
badef0dc,MO Kitunda,0.462
df6534ac,Khalander Mustafa,0.0
ef8eba13,Zain Asif,0.333
d5ae21a2,KD Shah,0.326
1b77c4c6,Shaik Basha,0.333
cfe70281,VD Philander,0.142
9f961c14,Joginder Sharma,0.5
9c93c0a3,Y Saranonnakkun,0.24
f9dc404a,Amar Naeem,0.125
090f9211,Shahadat Hossain,0.0
090f9211,Shahadat Hossain,0.0
90a8dfec,P Abanda,0.076
31f01815,CB Roposo,0.062
e85bb4b3,Fanyan Mughal,0.25
97b0e4ff,SC van Schalkwyk,0.285
4ebc70ca,GT Main,0.214
68886c16,AR Naidoo,0.25
f6657f66,P Sua,0.0
f75d4a8d,T Batjargal,0.0
3f18724b,MC Sorensen,0.375
e66d962d,Arsalan Qadir,0.0
0994d0ae,V Shankar,0.222
3559290a,E Ul Haq,0.3
9822fb85,Isa Zaroo,0.6
5c756df3,Abul Hasan,0.0
725c73f2,H Rashid,0.428
3f61a062,BTJ Wheal,0.318
7ae1aad9,S Williams,0.09
027662be,J Evans,0.222
a1bf281e,Nijat Masood,0.333
b5dcec37,TKP Rajapaksha,0.0
b2a79f17,B Laughlin,0.333
9c9af282,Naseem Shah,0.107
02e83ac5,Naeem Islam,0.2
ffb3b559,JJ Nyambo,0.384
715dbf27,CN Onwuzulike,0.363
f32dbc84,CJ Chibhabha,0.25
c57fa67e,E Otieno,0.064
281ce63c,Riaz Afridi,0.75
0f9c9d1d,DC Delany,0.0
407d13cc,Ashiqullah Said,0.166
a15aaa7f,TR Ambrose,2.0
b410bd3d,S Lamichhane,0.379
2f3b270e,H Pile,0.0
96275259,B Ito-Davis,0.6
04855b85,K Vislapuu,0.2
ed547c49,I Pandey,0.25
f20e7aac,W Uisuk,0.25
c404f58a,DP Nannes,0.058
443d1fd8,K Fletcher,0.312
4758488e,T Tumursukh,0.1
bf1d7d3e,Mahmudullah,0.369
3b52d247,FA Cossa,0.542
056f58dd,KC Hodsoll,0.5
35ae9e8a,S Rungrueang,0.466
f957f558,Baljinder Singh,0.0
1a0c3177,P Awana,0.0
96013995,DJ Turkich,0.333
8f5313ce,WJ Malinda,0.909
7c7c4988,NL Ujawe,0.25
1ebfbbe4,Xie Kunkun,0.0
8fc65c2b,SM Davies,0.6
526fe472,DE Martel,0.166
e7ba1233,S Matsikenyeri,0.5
dce2019b,F Behardien,0.368
34b332d3,DC Drakes,0.2
21e5f325,TA Blundell,0.333
679302a1,Z McLaughlin,0.0
271f83cd,SA Yadav,0.608
3c19f045,T Hewa,0.666
399b0b94,CT Bancroft,1.0
977b841a,SSJ Brooks,0.538
fcbf5a30,D Gough,0.0
5d60560f,Imran Ali Butt,0.64
20ab5aad,PD Blignaut,0.25
53967e23,Nazmus Sakib,1.25
7f8ecc51,AM Phangiso,0.0
a3ae63f4,GJ Snyman,1.0
4948a447,Farhad Reza,0.307
18ae55e4,T Tshose,0.52
f33cfd25,B Masaba,0.508
c96f6ac5,PWA Mulder,0.545
91136091,LHB Harrington-Myers,0.222
33609a8c,Saim Ayub,0.478
d3b1d991,Mukhtar Ghulami,0.8
c4ab9b94,Abdullah Rana,0.0
1f41b702,Anique Uddin,0.583
7805af0f,NM Carter,0.142
638f451b,N Zimonjic,0.052
4d21a67a,WSLK Narayana,0.25
f5c198fb,SP Patil,0.722
5570c4c1,M Choamba,0.312
6d9aa10a,D Tresac,0.0
716bd716,I Bardis,0.0
ea2c0aff,Zain Ahmad,0.411
c96311d4,CR Ervine,0.436
d207e4fb,S Periyalwar,0.176
7c38942a,Zahir Mohammed,0.315
99639abf,NJ Astle,0.75
9295145b,SD Outerbridge,0.333
1cb14aa4,CJ Dala,0.3
4a491652,Muktar Ali,0.0
6e4588bc,Yamin Ahmadzai,0.0
3b041a12,Tamim Iqbal,0.236
84dc72db,Junaid Siddique,0.142
84dc72db,Junaid Siddique,0.186
2d46e8ed,Zulqarnain Haider,0.333
2d46e8ed,Zulqarnain Haider,0.09
f49c401e,SH Obed,0.23
3bc56bd6,CJ Delany,0.23
3957a70a,GP Meade,0.483
b2ae53f5,T Thushara,0.333
221ad9d9,GP Swann,0.128
415d30b6,Virandeep Singh,0.506
97b9cb64,A Conteh,0.222
a744d530,RV Viraj,0.0
011f6b42,RG Mukasa,0.456
e75cb073,UNGB Thenannahelage,0.777
e112732d,L Denny,0.666
21b97584,Mrittunjoy Chowdhury,1.0
0e4843d2,Hamed Khan,0.2
d18d3a0f,Selim Salau,0.6
07ff32f5,Khurram Nawaz,0.208
c7bdb5b5,NJ Reardon,0.0
39181592,PE Kruger,0.166
fb0d3749,Zameer Khan,0.5
0697b5a1,NN Banner,0.0
4add4c98,Ibrahim Hassan,0.354
61f05b05,Fawad Alam,0.291
1adb8ee8,Sompal Kami,0.337
20ac8219,S Vashisht,0.588
bb95564b,Saif Hassan,0.2
658c2e71,MGSM Fernando,0.0
3ed39f01,S Murari,0.125
a5544576,D Murphy,0.25
e5b16284,M Manivannan,0.0
31080a88,Aslam Khan,0.444
63d6e16e,Saeed Ahmed,0.555
8e9d3dc4,PF Gallagher,0.545
31803fac,Abu Hider,0.166
62c713bf,AJ Staal,0.0
c66d9486,U Bhatti,0.0
550c9b2c,O Duff,0.0
bd4ea627,Faheem Ashraf,0.25
5d68fe4f,Fahad Nawaz,0.0
b2e1d224,G Malla,0.511
72e46d30,Noor Ali Zadran,0.181
e03b66ec,Mohammad Asif,0.272
27128c74,Md Shafiqul Haque,0.75
8d5d991e,Qais Ahmad,0.8
1c1bb0d5,MB Tambe,0.423
f6b5d11a,PDRL Perera,0.0
a2f790a8,Jitesh Patel,0.0
79f5bc26,BG Lister,0.545
865d671f,Tarun Yadav,0.0
19b9f399,CJ Green,2.0
ba603555,MNK Fernando,1.0
30c884c8,B Terbish,0.0
2494ff9e,D Ajekun,0.107
02d11602,AA Banner,0.222
e7a0cb9a,M Leporoporo,0.0
edc2a9c6,B Karki,0.0
f8fb7e7b,Musaddiq Ahmed,1.0
30ac4e69,Yousef Shadzehisarjou,0.0
6a868271,J Cama,0.2
086f5984,Junaid Khan,0.0
086f5984,Junaid Khan,0.05
1fed517a,Tenjin Rabgey,0.25
d99cc23a,T van der Gugten,0.239
b03db6fa,MJG Rippon,0.222
da3b91fd,Imran Khan,0.181
da3b91fd,Imran Khan,1.0
da3b91fd,Imran Khan,0.6
29b89ae8,WB Rankin,0.326
c4f8d754,L Erdenebulgan,0.2
b24eed5e,JM Obando,1.0
2fd4669a,Waqas Ali,0.142
23eedcd3,Shahbaz Badar,0.785
20988564,Virendra Kumar,0.0
eb7af112,Mohammad Tauqir,0.333
3bf7c034,Sultan Ahmed,0.6
3bf7c034,Sultan Ahmed,1.062
424a646f,D Ahir,0.2
18a0ba24,S Smith,0.6
eade4650,DJ Mitchell,0.523
dfba63a4,B Schuster,1.0
c60361d7,Harprit Singh,0.0
314642ed,K Sinclair,0.5
ed5b3c76,S Nerandzic,0.0
e23da78c,NK Aneesh Kumar,0.476
a94c2947,N Mapunda,0.857
98ecf62a,HH Dippenaar,0.0
c6097d68,O Thomas,0.1
91cf746e,Absar Khan,0.5
0a5718ef,Iftekar Jaman,0.6
1f490b28,AR Puri,0.241
87a92b6b,N Pokana,0.258
218c7eab,Basir Ahamad,0.5
12c3ba4d,P Khadka,0.484
8bba9ec2,KJ Young,0.777
6b96bebf,C Zavoiu,0.285
d2ac882a,W Dlamini,0.0
626af7ff,C Hinze,0.105
e412cb64,HF Gurney,0.0
7d32d965,RT Lyons,0.0
ae4006ad,Syed Amanullah,0.0
2503e881,A Nel,0.5
1a8cedc8,M Jele,0.166
a3a275ec,K Waiswa,0.464
098a757c,Muhammad Jawadullah,0.21
0c1da0c4,V Balakrishnan,0.285
60bb8160,RHO Saunders,0.0
8da9a284,E Solomon,0.555
7c503806,J Botha,0.425
7fca84b7,BA King,0.403
a6631b55,Salvin Stanly,0.23
f987245c,AM Ellis,0.0
e3e09091,Zakir Hasan,0.25
b3b39bed,Aqib Ilyas,0.339
9fbc7bc4,KO Meth,0.5
bf74b130,FH Allen,0.413
b8f10b60,HJ Jordaan,0.125
2d03c3f8,C Cassell,1.0
e0557f7f,DE Bernard,0.0
b970a03f,M Klinger,0.666
8f77af6b,Vinod Kumar,0.5
d18f9182,DPMD Jayawardene,0.309
9ba59a3c,LJ Woodcock,0.333
faef026c,SKS Gill,0.344
c01852c6,Junaid Sheikh,1.0
4c4fa80b,SMSM Senanayake,0.125
9dca07d7,RJ Sidebottom,0.277
cda3625c,D Rawat,0.2
5d9ebb3c,Z Abbasi,0.0
e28bb0b9,DO Leicher,0.076
86e0f3f0,WL Madsen,1.0
c573d173,MWR Stokes,0.421
b17d629e,Shadnan Khan,0.2
dc36a6a5,AN Kervezee,0.4
ba607b88,V Kohli,0.435
a6bab2a9,K Gore,0.375
3edb58fc,AD Mascarenhas,0.5
8708c072,R Heyns,1.0
c404f58a,DP Nannes,0.058
5c842df4,P Yevugah,0.333
1a353572,Saeed Waqar Ali,0.4
cf0b9a0d,Khalid Ahmadi,0.235
4dd6a707,Sazzad Hosen,0.125
6dba59e0,Syazrul Idrus,0.272
7b10c047,Mazhar Khan,0.0
671398e3,DK Butler,1.0
a8e3170f,Mohammad Irfan,0.045
f78aa227,Hilal Ahmad,0.666
5de198db,Abdullah Akbarjan,0.428
3a6c6e3a,Ammad Uddin,0.0
1688f2dc,T Lungameni,0.21
9633359f,JS Malhotra,0.47
5a970aab,L Lamin,0.156
05d74535,Saeed Ajmal,0.187
fb27d38c,S Waqas Ahmed,0.1
b388d623,G Fatouros,0.5
bb34fd31,Shoriful Islam,0.219
ee95065d,Irfan Khan,0.0
2bb09eb2,Mohammad Ashraful,0.173
6b4593ee,L Siaka,0.661
1b8c2b54,M Prasanna,0.0
43247512,Vinay Iyer,0.5
18db3f22,C Waiswa,0.4
ab23a6a1,Syed Haider,1.111
0837bb5f,Sanjay Kumar,0.0
38189be1,OD Hald,0.6
9ffb7550,Nasrulla Rana,0.243
e5117568,B Pondani,0.125
df3438ae,TW Samuels,0.0
e0672ff4,RR Behera,2.0
951686f5,Dawood Ahmadzai,0.407
a89c270b,KC Ramamoorthy,0.125
2e092d2c,Thuya Aung,0.23
1ab8beda,T Rajiv,0.0
d8976cb7,DG Blampied,0.428
d1b5efdf,NCK Liyanage,0.2
de7d833e,D Madushanka,0.266
5f77f23a,US Hathinjar,0.523
1a8cedc8,M Jele,0.166
f22d2247,KH Abe,0.142
cddafe26,V Aravind,0.645
dfcdb11e,LT Bichard,0.321
732ce0c2,G Mubiru,0.333
d0513f63,CL White,0.489
bd3c364d,T Takada,0.0
8716233e,ZE Green,0.9
8f1e023f,Sidhant Singh,0.272
214cf493,KB Ahir,0.066
1e98804a,RA Sealy,0.846
fa433be6,M Labuschagne,1.0
0fa92a21,C Bayraktar,0.0
300bdcbb,H Srinivasan,1.25
7fcaa9f4,Z Makadji,0.0
090f96e4,Muhammad Nadir,0.257
384fa385,TL Cutler,0.0
2c535f08,F Damiao Couana,0.388
0605de92,HD Rutherford,0.125
a2eac9df,Waqas Barkat,0.266
04420914,P Zuze,0.777
ec100ae6,SU Halarnkar,0.0
c03c6200,DJG Sammy,0.455
336a85f6,Abdullah Sheikh,0.2
8160713d,AW Hawkins-Kay,0.437
7eb36269,M van Lingen,0.4
2c6052a6,JS Henriksen,0.0
b0f5175e,S Ramakrishnan,0.166
7cd0a092,Haris Sohail,0.214
37312a74,Mudassar Bukhari,0.25
e6409ae1,Mohammed Sameer,0.0
e28327c6,H Pragji,0.0
c62a0327,N Krishna,0.25
6892f9c3,Waji Ul Hassan,0.23
ef5cbaf6,NFI McCallum,0.0
80f9fd4f,C Brennan,0.434
3feda4fa,RL Chase,0.36
4e6bc859,E Kuyumcu,0.0
8ce2080b,TJG Pringle,0.3
684dc2da,Abraash Khan,0.142
be0077ba,Junaid Khan,0.0
be0077ba,Junaid Khan,0.05
1e569fb0,S Veerapathiran,0.534
c8ad0749,AK Perera,0.166
1aba45cd,Sahibzada Farhan,0.4
43f3c050,Shahzeb Choudhry,1.0
a9fd6ca3,Rahman Ademi,0.0
390721b3,IIR Bhana,0.0
b3a28446,Mohammad Saifuddin,0.263
723ca856,Khizer Ahmed,0.647
6766ca00,M Shumba,0.6
bb791276,P Khari,1.333
60b46ad1,MO Kain,0.285
5c93efb1,Khalid Zahid,0.3
c24a2c5d,S Tyagi,1.0
c0fca5eb,O Gholami,0.2
2b8b75a0,H Osinde,0.636
bfe33045,Nawaf Ahmed,0.4
5757c506,Danyal Akbar,0.333
26a85969,R Dhawan,2.0
1b668884,MS Sinclair,0.0
431f8af4,Tayyab Tahir,0.333
70f2f922,TF van Woerkom,0.0
1a417a09,IM Farrell,0.0
22bd731a,DG Brownlie,0.6
f8bd71c9,Atif Kamal,0.4
55d07946,K Ghalley,0.25
ecfdfbad,P Hingorani,0.375
1747ea18,DS Airee,0.472
1bae756b,ADS Fletcher,0.472
b0f2d3bd,ND Laegsgaard,0.74
a65593c6,K Tari,0.0
9caf69a1,WG Jacks,0.166
e613c509,DL Richards,0.5
c9f851b0,JL de Mey,0.333
126c3f6f,Ashish Rana,0.0
bb134e5c,JJ Smit,0.5
81a0e294,SA Engelbrecht,0.416
34464143,Zeeshan Maqsood,0.194
a386e91b,PD Collingwood,0.416
c16d2e28,SJ Harmison,0.5
808f425a,JP Faulkner,0.458
12c9c558,Wang Qi,0.0
7a653792,EP Thompson,0.0
4a51c045,Kim Daeyeon,0.3
ae6746e0,Khurram Khan,0.666
c13b2833,R Flannigan,0.0
3883402f,Tian Sen Qun,0.0
67b7bad4,Fareed Ahmad,0.172
cfad138c,CK Kapugedera,0.395
5fef85ee,R Mutumbami,0.965
edc950ce,Sajid Khan Afridi,0.5
9d0e7c58,DM Richards,0.0
d9a7ca8e,T Chopel,0.0
c122fe73,Asad Ali Rehemtulla,0.25
e5464794,Sazib Bhuiyan,0.2
522bea89,Rohail Nazir,1.0
a71d0f89,R Chopra,1.0
085c1a4c,Ziaur Rehman,0.1
61da7440,D Mullen,0.2
09a9d073,J Charles,0.403
94268960,S Qeshile,1.5
d35a520a,Omar Hayat,0.375
019e7a95,GO Sopinho,1.0
fc2fffb5,Abdullah Shafique,0.5
6c75310b,J Lewis,0.5
16084b50,LA Simango,0.142
7e439c80,Sohail Ahmad,0.5
6727fb4d,A Otwani,0.312
47b33198,Chen Zhuo Yue,0.363
d7725664,RA Reifer,0.0
ed90abe4,AP Devcich,0.5
1a5d690f,Gurpreet Singh,0.333
7d92277a,Mujeeb Ur Rahman,0.152
af42d9f2,K Thuchila,0.25
8b89eb80,Faizan Asif,0.0
04ab1575,S Ivetic,0.857
1ed476fe,Umar Nawaz,0.333
803dbf1d,A Dutt,0.066
ad9c32a2,DJ Malan,0.36
e237b28c,Mohammad Yousuf,0.333
6d4c2087,D Samarawickrama,0.0
684d21d7,M Bhanuka,1.2
2472ad2c,Aamir Lal,0.0
a48fc79d,EC Joyce,0.294
85b592a7,PF Ravarua,0.0
be48d2e5,SYS Assegon,0.0
03d3dd8e,AF Buurman,0.5
f1eb3c73,DMW Rawlins,0.785
e21bc7f3,RD Berrington,0.212
8b7ce771,D Jakiel,0.314
8787dd53,Husnain Kabeer,1.0
ca92a578,IA Karim,1.442
71093272,BM Pecic,1.285
1f28fdfd,GR Russ,0.333
235c2bb6,H Klaasen,0.653
907d6e58,Aamer Yamin,0.0
f842c2cf,MJ Clarke,0.382
d18b7f34,Fazil Rahman,0.166
9f500ddb,L Nou,0.0
d1988788,Rohan Mustafa,0.431
cf06cb34,K Subramanian,0.0
a819f6c8,Zahid Zadran,0.5
508a1ea7,SE Marsh,0.2
f59b3bd1,Waqas Maqsood,0.0
70abbb67,Ismaeel Zia,0.375
a323465c,RR Joshi,0.142
06fc82b8,T Musekiwa,0.25
6ef9a32f,Abdulla Bhoola,0.0
32cff598,Muhaddis Muhaddis,0.75
21526a38,E Jabarkhel,0.3
940255af,A Mongar,0.0
6cf75582,KK Lin Thu,0.307
80b92515,Harry Johnson,0.111
c9729534,H Kinga,0.333
e6948355,P Suanchuai,0.388
0ee7ede5,Mahmad Data,0.25
864c199e,AC Voges,0.428
f190c775,K Tathgur,0.5
a945bb28,T Muzarabani,0.111
877ab296,Ahsan ul Haq,0.0
5c4ebae4,PK Shoufeer,0.0
d278b70b,C Pyle,1.25
f06b5585,P Manning,0.307
1dc3330f,E Bhonkar,0.0
8ba8195d,V Sehwag,0.111
008a024c,M Mooketsi,0.222
125853c3,T Kahamker,0.333
c160db98,C Smith,0.5
b3e5205c,P Kotoisuva,0.2
8919756f,Mosaddek Hossain,0.393
519c30cb,CJ Gannon,0.5
c46e9e56,CJO Smith,1.285
ef141f36,Surya Anand,0.214
79e754db,P Arrighi,0.5
6969d364,Maidul Islam,0.083
23f37c09,Azri Azhar,0.5
69362253,RN Lewis,1.0
099135ad,Aryan Lakra,0.5
e4f13acd,A Mene-Ejegi,0.384
43b36ccf,Yadwinder Singh,1.0
dab18aa5,DL Brangman,0.187
c8a18d94,C Hauptfleisch,0.4
995fd3b2,M Gogev,0.285
91052c96,PW Borren,0.682
bceb1b07,JJ Tucker,0.2
9f2be73d,S Ravichandran,0.5
caf69bf7,DR Sams,0.4
11378dda,S Mathur,0.571
7fb32e5b,KD Mills,0.19
879095b0,SL Clephane,0.0
87a6f411,H Lakov,0.5
ce9ce42f,Muhammad Amin,0.111
3fca55af,S Sohal,0.0
488b7e1b,SHT Kandamby,0.8
85e0cf10,M Prasidh Krishna,0.0
5845b99b,Ali Farasat,0.0
c03449e0,GD Elliott,0.235
04f0d409,S Pradhan,0.095
48fd7349,MEK Hussey,0.526
596982e6,Ali Dawood,0.4
7d7ab238,MR Gillespie,0.09
20f4a109,TGJ Gruijters,0.5
1be70c88,LPC Silva,0.312
d6dcb0c9,Mohammad Shahzad,0.05
d6dcb0c9,Mohammad Shahzad,0.847
bf896894,Zahid Khan,0.1
679af2e2,Salman Nazar,0.625
641ac5ff,IS Sodhi,0.327
8d92a2c3,MA Wood,0.147
68408eff,Yin Chenhao,0.0
462d7c62,D Paterson,0.125
ac166f77,S Shrivastava,0.142
c285c86e,Mohammad Shahid,0.0
a22b4f3f,A Mansale,0.47
ee7d0c82,GD McGrath,0.5
b4296080,Milind Kumar,0.333
6fd0c8e1,JD Campbell,0.5
a28a7fba,A Johnson,0.333
f55c526f,T Maruma,0.384
7c4e8e13,P Sadev,0.5
d67d5f00,DA Miller,0.656
d3851cd8,Ehsan Khan,0.272
bd9fbd51,Fayyaz Butt,0.191
ce794613,T Natarajan,0.0
fd770945,BT Foakes,1.0
c821e504,Bipin Kumar,0.125
d3868bd0,JH Davey,0.5
b7062209,D Polpitiya,0.0
f29185a1,Abhishek Sharma,0.375
19758a47,CG Osborne,0.0
0a4736eb,Asif Ali,0.362
357484e9,Ilyas Ataullah,0.454
07ac9c54,C Roberts,0.7
4d3097d8,GJ Hopkins,0.6
6df8d190,SE Findlay,0.5
d55474ac,AK Mohan,0.68
a5bdacc3,Mohamed Miuvaan,0.25
9b8a3c39,Muhammad Musa,0.0
30baaf1f,TP Allen,0.6
b68b1633,P Vekaria,0.375
06bcade5,ASF Sirah,0.428
296358c9,Raag Kapur,0.285
9b4935c8,CJ Ferguson,0.333
10f42013,WJ Lubbe,0.0
9d6644a0,Muhammad Saqib,0.2
209e91e6,B Kohler-Cadmore,0.75
fef92afc,SC Kuggeleijn,0.333
45b6a7ce,Murtaza Yamin,1.0
7d4f6e1f,B Ivanov,0.2
33b67317,Bilal Zalmai,0.285
1283e17b,Imal Zuwak,0.312
5360c9be,R Mangal,0.461
95bd9407,E Karimi,0.0
a84ccd7d,Sumon Khan,0.0
c343a8c6,H Lin Aung,0.23
5b658677,BJ Davidson,0.25
8a75e999,Babar Azam,0.406
648d060e,Aung Ko Ko,0.0
492ff0c2,R Mondol,0.0
c4fb0b39,VS Padhaal,0.129
a9f43e60,G Raymond,0.0
050bdc77,Azin Rafeeg,0.0
5934e1b2,Y Konate,0.0
8db27a28,ARA Chambers,0.176
03ef382c,ZE Matsinhe,0.19
06adaa46,D Siva Kumar,0.0
c8a7b014,OJ Hairs,0.148
44116edc,Mustapha Suwareh,0.09
dbd19fb8,C Rice,0.0
5e67d4e0,Imran Yousaf,0.09
3e51db81,C Zhuwao,0.285
b0aadf4f,N Knights,0.176
67e36e53,Jassim Khan,0.25
8ea6e670,NM Hauritz,0.333
308ca4bd,Bashar Khan,0.2
f5932ad2,Zong Yuechao,0.25
9eb1455b,NT Ellis,0.352
4180d897,JE Taylor,0.3
e957b38f,AR McBrine,0.419
86dc8f2e,JH Kallis,0.28
9db20c92,D Bau,0.0
49235be5,Gurpratap Singh,0.545
548d4188,KS Airee,0.0
fbb8cf87,E Beukes,0.476
2a00735b,Saran Aslam,0.0
c6e1354c,Ikramullah Khan,0.1
32de4eae,Mohammad Ishaq,0.25
aae9ce90,JF Mooney,0.481
d1d83db3,T Gwandu,0.0
5d77a96a,Umar Adam,0.326
0fa5042b,L Ronchi,0.909
2f49c897,Mohammed Siraj,0.375
1e5708ac,Zahid Hussain,0.333
28131839,MA Leask,0.453
9a46c4e5,GD Phillips,0.684
5d6e07a5,Mubeen Tariq,0.0
68c56d09,KA Jamieson,0.307
8de618ab,SA Ahmad,0.29
cab3f89a,Gaurav Tiwari,0.2
5b9b8d98,CA Keita,0.357
454a7269,Haseeb Ghafoor,0.6
7e678d00,Sharafuddin Ashraf,0.222
96fe3e9f,ZM Tribe,0.238
26534b48,AM Guruge,0.2
aeb893b4,GG Banner,0.555
5a22d91c,EMDY Munaweera,0.076
0371cc19,K Govind,0.0
bafb9238,Usman Khan,0.1
bafb9238,Usman Khan,0.363
d996ba33,J Kila,0.187
dba54d8e,JA Burrows,0.347
681f522f,SA Okpe,0.318
74c6c6e0,NR Welch,0.0
5335c5a7,M Vaik,0.722
78dfe704,V Permaul,0.0
0b60eb09,KA Maharaj,0.4
9bb259b4,Ashraful Shuvo,0.0
0f72f582,LB Ferbrache,0.612
9d1d34bd,Taijul Islam,0.0
2deb4082,A Kheterpal,0.222
1afdbdbf,JWM Dalrymple,0.333
034d3c52,A Husain,0.312
d1c94b25,CK Langeveldt,0.111
bb9d73d8,Suraj Kumar,0.684
9b6e1b3f,J Fraser-McGurk,1.0
28e0f645,Saad Khan,0.187
b58b7db6,GSNFG Jayasuriya,0.222
1e25b5bf,C Carter,0.3
bcb01d8c,RWT Key,1.0
b91f2a31,KP Meiyappan,0.266
2011735e,A Shahi,0.555
8c95e2dd,MS Diawara,0.0
37d8d19a,Muslim Yar,0.363
b708c4ad,S Draunivudi,0.333
2d94751e,Omid Mailk Khel,0.666
64c34cd0,Shoaib Malik,0.403
30564b3e,Mazharul Islam,0.062
5299063a,CK Jasmat,0.416
510e33d3,Mohammad Ihsan,0.4
f6993a56,RJ Campbell,0.333
2c13defe,TM Odoyo,0.454
a2dd9236,K Cawte,0.142
eff8b730,GRD Munasinghe,0.571
ff3f6fc1,Mohammad Haris,0.555
e30c9b2d,L Croospulle,0.0
d376bbaa,Adnan Ilyas,0.454
57ee1fde,YS Chahal,0.177
63aa8148,Jaswinder Singh,0.166
f24c6701,M Theekshana,0.254
86f471ae,Murat Ipek,0.666
eb6d1f4d,R Theruvath,0.0
58edb974,Irshad Mubbashar,0.4
9fa5496f,R Escobar,0.823
8b5b6769,Harbhajan Singh,0.259
732c9016,JE Scott,0.0
39431db7,Anowarul Islam,0.75
6d024ce3,Zabiullah Zahid,0.0
5d1e7582,BKG Mendis,0.506
53984f75,N Tyagi,0.0
a8473c4a,J Hansrod,0.25
77de6cfa,JKP Ellick,0.0
710dd98c,MN van Wyk,0.75
28392e11,Zaman Khan,0.3
6b74c13b,Mirza Ahsan,0.1
13bf1d91,Sulaiman Ali,0.333
821a412e,FA Klokker,0.615
3b50c63a,KS Lokuarachchi,0.5
f78e7113,S Prasanna,0.2
c5326dd0,NG Jones,0.25
3c8faed4,F Banunaek,0.487
33687b0e,Shamsudheen Purat,0.166
b8f1cda4,Muhammad Zaghlool,0.0
39e9f0c9,B Arora,0.196
206efeb1,PR Surve,0.185
1a628a92,Mohammad Kamran,0.333
e6681f88,S Arachchige,0.25
a61bcb94,K Pierre,0.2
3ac13a94,E Rukiriza,0.395
2e966563,RM Hira,0.133
9dbc77b3,Aaftab Alam Khan,0.74
49f6d023,AL Stephen,0.187
91c0d39f,Adnan Razzaq,0.2
29663fda,HL Harji,0.0
25f7b7d6,T Banton,0.692
c471750e,LC Le Tissier,0.1
e5542f57,JK Masara,0.0
8a686d30,MS Atapattu,0.0
856fc47a,S Bangera,0.125
5748e866,TD Paine,1.083
5f5e0c8c,ML Udawatte,0.0
fed92736,P Bosnjak,0.25
cecfd092,M Nasim Baras,1.0
b61a3e1a,LRPL Taylor,0.45
cb4a3840,Charanjeet Singh,0.0
492c17f0,JWN Moses,0.285
f41598c1,AN Cook,0.25
711249d1,Shamim Hossain,0.368
d12143bf,JM Anderson,0.157
c26cd57a,B Shikongo,0.281
11b37b2a,JL Tutty,0.166
a7c226e1,FH Edwards,0.192
95e47073,Huzaif Yousuf,0.0
a73251ff,JN Dorji,0.111
ab75eb29,T Caruana,0.0
9de62878,Shadab Khan,0.346
2a2e6343,DT Christian,0.26
6e84e207,Mansoor Malangzai,0.25
716bf559,BA Pai,0.333
9d430b40,SP Narine,0.137
35205dfc,DR Smith,0.242
1d6e8f52,T Taylor,0.266
50ceaef6,P Kurup,0.545
03a83c50,V Viyaskanth,0.0
4db71b2e,Sohail Ahmed,0.185
a5c48ed1,C Wickramasinghe,0.5
7a6decc8,Luqman Butt,0.476
22b25a18,Noorullah Sidiqi,0.0
dec8e038,J Theron,0.166
33b3d2df,GJ Delany,0.346
df49ae91,Muzammil Shahzad,1.0
a8e54ef4,Aamer Jamal,0.166
e57d25fa,Jaison Jerome,0.222
18fcb85f,Jaikumar Thakur,0.0
5d38476c,Saqib Zulfiqar,0.285
25d7f1ac,MD Patel,0.97
272d796e,BR Dunk,1.4
409ce380,AA Onikoyi,0.285
c7537f8a,TS Fray,0.238
c1f05d1d,Jaweed Sadran,0.15
e662b18f,JAR Blain,0.2
51a36d3e,GH Worker,0.5
ce820073,Sandeep Sharma,0.0
30c917bf,AV Lazarus,0.411
8ee36b18,P Nissanka,0.175
91f0792f,GJ Thompson,0.2
d0178c53,S Kubheka,0.0
5bb5a915,M Morkel,0.113
ea0e8ea2,R Mahajan,0.0
7239b60d,CAH Stevenson,0.5
cde067e1,J Kariko,0.315
c810b349,JAD Lawrenson,0.416
c4487b84,AB de Villiers,0.923
4a370769,Gagandeep Singh,0.0
4a370769,Gagandeep Singh,0.777
cccdde80,RP Arnold,0.0
d953bf92,A Kirschbaum,0.466
c042b412,FJ Klaassen,0.447
b56dc5f7,BE Hendricks,0.21
0d7e506a,V Marghashayam,1.0
90624d37,AJ Jabiri,0.437
67ae5a56,Aslam Mohammad,0.285
51a60c16,CJ Boyce,0.0
a2ec22d2,A Mutreja,0.692
db1bf9c2,RN Patel,0.509
d7265622,G Manan,0.266
d0b643e1,Manan Ali,0.5
1439a13c,VE Tembo,0.083
a877819f,G Miller,0.5
cb263798,DL Hemp,0.0
9c3a8776,D Nikolov,0.344
267cafb0,H Upadhyay,0.4
1deb4c0c,OB Nightingale,0.291
6e61adb8,JWW Gardner,0.333
31c04b7b,CJPF Kalugamage,0.5
327b58d3,PVD Chameera,0.2
52a0b3ed,M Breban,0.0
f0f20cf8,Ibrahim Kursad Dalyan,0.0
2dcac6ff,E Niyomugabo,0.234
72a4c3b2,L Canessane,0.269
90d6cdea,TB de Bruyn,1.0
c15e7ba4,E Dusingizimana,0.175
43ae7b1c,R Agamiire,0.0
de3d549a,AM Fernando,0.285
5f547c8b,Rashid Khan,0.0
5f547c8b,Rashid Khan,0.387
835a58da,NA Karnik,0.0
b601c362,Gabor Torok,0.0
88a5adcf,LM Gabriel,0.176
087210b1,DJ Vilas,0.0
44321a66,JN Snape,1.0
2306b48a,Kuldeep Gurjar,0.0
f219df21,Sahil Chauhan,0.23
6d5e66b1,Muhammad Zafar Khan,0.0
d876610c,Robiul Islam,0.0
7cff331d,RR Sharan,0.285
156d0ea2,SR Mukkamalla,0.222
0abc33ff,Muhammad Umar,0.545
03c94c2f,J Grzinic,0.857
8299b9a2,Sher Sahak,0.423
e343abe9,NS Poonia,0.285
ee3bfb9b,SR Rocket,0.0
3b4a8cfb,Amjad Sher,0.424
00c98c78,NH Ekanayake,0.0
8c2aa0f9,PKD Chase,0.416
91c984a1,JW Wilson,0.0
54279e23,Alok Kapali,0.285
e8d1c172,M Worndl,0.2
3eb7c45d,Imran Nazir,0.44
2af838ee,N Pradeep,0.125
25640e61,N Ndouteng,0.2
a09323d8,AM Patel,0.0
1f8e97d7,D Uwimana,0.5
e01d2dae,Ikbal Hossain,0.666
ab1445ea,J Mees,0.55
71fa64d6,P Useni,0.222
dca8273d,Zubaidi Zulkifle,0.474
27b8d7b6,K Birkenstock,0.222
068c47d2,JJ Davidson,0.0
012829ff,JW Hastings,0.222
f0af99a7,D Ferreira,0.5
2e3c45d3,HJ Patel,0.5
3d29b5fc,M Beitaki,0.812
c7a995d3,R Sai Kishore,1.0
33ab1f1c,B Khumalo,0.25
1d048deb,BOP Fernando,0.0
c44bf6a2,Mukesh Singh,0.0
e01aafc1,AN Petersen,0.5
3f659464,OP Stone,0.0
6de0f650,WA Simpson,0.333
e93b6c95,G Singh,0.384
6ad2d5f7,LN Rajbanshi,0.26
6ecd3d7b,GE Gutierrez Chavez,0.0
3ddd957f,OSB Tilley,0.0
ff2b190e,Dylan Steyn,0.619
b561eea1,M Simmons,0.0
5935d694,Rishad Hossain,0.444
5af743d0,Sohail Khan,0.0
2dde3e62,J Bulele,0.269
8a1d0222,Kuldeep Lal,0.363
5902f2eb,Saud Munir,0.307
5d6a1f76,Zeeshan Kukikhel,0.642
10a91f35,Shoaib Akhtar,0.133
a300e810,PRP Boissevain,0.571
cc18ba92,PS Airee,0.5
747209e0,AG Weligamage,0.285
ffbbf432,F Choudary,0.0
3d9cd1b1,Kau Qalo,0.0
aa4154ad,MD Garratt,0.125
bbd41817,AD Russell,0.265
0e102c3b,BAA Zammitt,0.333
a38e7be7,S Daniel,0.0
e18e9598,S Vasilakis,0.25
a768a762,AA Gajic,0.294
e4bc45e0,T Brown,0.0
ec4dada1,MN Waller,0.281
941dfb84,Mohsin Shabbir,0.0
dfc4d8b5,KW Richardson,0.388
7bf96684,OA Shah,0.294
f9b9883f,K Dorji,0.0
b501b61e,S Biko,0.0
95c434f7,GDR Eranga,0.222
e94915e6,SM Curran,0.415
a7d6c101,Waseeq Ahmed,0.187
ab21795b,BAD Manenti,0.6
bb9b51f4,JOA Gordon,0.187
e1d1b294,HH Gibbs,0.347
2c01f21a,HC Overdijk,0.666
5772882c,Amal Jacob,0.0
85ad2217,DS Smith,0.166
02c3024c,F Campbell,0.0
4e1c9f6e,Sandeep Goud,0.23
4e1c9f6e,Sandeep Goud,0.321
ad05692c,Sami Ullah,0.222
498aacac,S Thanikaithasan,0.291
0bb68705,VC Ahir,0.333
38702fb5,I Kamara,0.09
4a36c370,N Madziva,0.266
e7458e4b,Muhammad Kashif,0.142
118b0a7c,Aziz Sualley,0.23
14b14cd8,DM Bravo,0.192
5a42db78,Abdullah Jasat,0.0
9c181b99,Vinay Ravi,0.434
7a7c7e57,R Pillai,0.166
fe5175ce,Yasir Mohammad,0.5
c2a46cb4,Hashmatullah Shahidi,0.166
a1e80d06,A Shukla,0.0
a1e80d06,A Shukla,0.162
fbdc5ab1,P Murungi,0.366
3bea1983,DT Doram,0.5
7147f314,Sabbir Rahman,0.531
3b22ee4e,P Gheewala,0.111
21b67523,F Mutua,0.437
3a7ea906,VJ Kingma,0.086
479da8f9,JW Chilia,0.285
eba871dd,S Hook,0.458
cc3fb3b3,Imran Butt,0.25
3f9d95f9,LJ Myott,0.625
e00acf74,E Mathew,0.352
5c14bd52,Manan Bashir,0.333
14cbe9b7,Zaid Soulat,0.2
64c34cd0,Shoaib Malik,0.403
95bcba19,RP Magar,0.0
e62dd25d,K Rabada,0.323
61a7d6e9,DA Mehta,1.333
e741ed8f,Rizwan Butt,0.235
f6c2659d,Aizaz Khan,0.25
9f4aeb13,Bilal Aftab,0.0
24a93558,OE Taylor,0.166
86b4bf88,MJ Swepson,0.5
543b4a1f,R Telemachus,0.0
507dd87f,Gaurav Mishra,0.416
e204b898,Syed Maisam Ali,0.4
fcd92ab0,Nooruddin Mujadady,0.166
c16d4035,SW Billings,0.527
45c008f4,P Danci,0.5
e03ca117,K Kato-Stafford,0.3
ba4d600a,Shafiqullah,0.347
4f629497,SE Bond,0.2
6738c3e2,Atif Ali Khan,0.0
eeeebf82,HA Varaiya,0.48
fa23405f,L Yamamoto-Lake,0.277
5ce3fe3f,N Nankov,0.6
cf6acc0d,R Sandaruwan,0.215
bc6f8328,RJG Palmer,0.2
773cec26,JN Mohammed,0.111
2e11c706,BCJ Cutting,0.714
94d7f855,C de Grandhomme,0.487
fd201eb4,Shahzaib Hasan,0.3
57427d9e,O Touray,0.333
c10fd8f9,Aman Desai,0.703
caf1b14c,N Deonarine,0.25
44f5a3e4,Mohamed Mahfooz,0.0
f3a5c378,Aritra Dutta,0.2
a94e08ea,Mushfiqur Rahim,0.72
c290033d,Ihsanullah,0.0
c290033d,Ihsanullah,0.0
0f05655d,Tashi Dorji,0.0
7c7303eb,JD Nel,0.111
31865a5b,Gurdeep Singh,0.3
9b85a13a,Mohammad Ahnaff,0.666
6daf5e8c,RAJ Smith,0.0
32198ae0,MC Henriques,0.25
d516a95f,NSK Mehta,0.666
6667067e,Syed Aziz,0.409
b18dbaff,A Prashar,0.0
52e8dd6b,Zaheer Maqsood,0.333
c44ddfb9,D Long Martinez,1.0
11174f6d,S Gasteratos,0.5
b89cde87,K Nestor,0.333
e33616eb,HJC Mol,0.333
f427e63e,NRJ Croes,1.0
5a719b87,JF Chester,0.0
d167edd3,SM Boland,0.333
dd09ff8e,B Lee,0.24
5bd3bb5d,PJ Ingram,0.333
b9a3d8c6,Inzamam-ul-Haq,0.0
18eaf2fa,Amjad Javed,0.181
342d8ade,CRD Fernando,0.166
be4cefab,CMW Read,1.0
b0b80a99,CV Harrison,0.142
e5ad357a,MD du Preez,0.0
d0d9790b,Nurudeen Ibrahim,0.0
0e56c514,HJ Manenti,0.6
26f98ea3,DV Varghese,0.241
890b877d,VB van Jaarsveld,0.0
63f3e7f2,JC Martin,1.25
fcbdc2b0,Syed Rehmatullah,0.333
dc39e9ab,Mandeep Singh,0.333
dc39e9ab,Mandeep Singh,0.6
23f94c02,J Drysdale,0.25
1581c6be,T Ulutuna,0.0
a62f55ba,DJ Hawoe,0.285
64839cb3,M Pathirana,0.133
68f500c8,Z Hoque,0.285
c8e5012c,Nazwan Ismail,0.285
1ac2a995,HR Walsh,0.257
010658fc,Ivan Splicevic,0.5
8d78d0d0,Mamoon Latif,0.272
03806cf8,JR Hazlewood,0.23
1f08084c,J Clough,0.0
e9d6a2ce,Manpreet Singh,1.052
e9d6a2ce,Manpreet Singh,0.65
2bf69ff5,J Giyanani,0.0
9f2e1944,P Silas,0.642
2b203501,Akhil Arjunan,0.1
b4706200,Adil Khan,0.0
530b20e3,JRMVB Sanjaya,0.125
72e60730,A Vala,0.476
fd8f11e9,JM How,0.2
7a5f232a,JA Burns,0.8
b794a78d,T Sandeep,0.857
65dadc70,Ankit Dubey,0.5
6b75c2b1,NR Kirton,0.333
03b9ec54,E Packard,0.25
e770b214,DL Maddy,0.25
76b19864,Murid Ekrami,0.36
da1f80f8,LJ Barker,0.2
05cf8905,Shakerullah Safi,0.0
0dd86d5f,Fazal Niazai,0.0
268ec1d6,S Bogdos,0.75
67a9fe72,T Marumani,0.257
5c805a60,AA Navicha,0.185
2513b4fe,Kashif Siddique,0.272
073ef5a0,S Pokhriyal,0.111
59792462,KM Jarvis,0.227
5748e866,TD Paine,1.083
adc96559,D Mogan,0.0
17efdeb8,Raqibul Hasan,0.2
7044cd2e,NA Janes,0.0
643f2e6a,Dharmang Patel,0.4
22860288,RJ Kirtley,0.0
3b2114a5,Darwish Rasooli,0.0
b215a7be,N Vimukthi,0.0
83d567a4,Z Simpson,0.0
e01895bb,DT Johnston,0.321
796ffb22,P Masih,0.0
e045c165,Rameez Shahzad,0.363
b8a55852,BB McCullum,0.619
e6ddab51,EH Hutchinson,0.0
56e771ef,Rizwan Mahmood,0.272
d047f983,P Sharma,0.062
3812d56b,MH Yardy,0.571
d76ab352,Jaspreet Singh,0.25
28c7d721,S Bhari,0.0
d406e303,D Johnson,0.166
fd483a3e,V Shetty,0.5
33742f04,Usman Qadir,0.2
93b4fc78,MK Pandey,0.23
f7cb7c3a,Abul Farhad,0.222
bcce309e,WPUJC Vaas,0.0
21946d0d,AM Oyede,0.25
bec5cab9,DK Mathias,0.062
e15c6692,M Malle,0.111
adb2f841,Ali Ivan,0.0
fde53ec1,Adil Butt,0.666
fde53ec1,Adil Butt,0.428
b43f7a6a,AR Patwa,0.274
78ec6ff1,KDACK Gunarathne,0.0
881b3f8e,TP Visee,0.166
a4a53adf,J Albin,0.16
75c8a26b,Lokesh Bam,0.545
a27d06d1,Yousuf Ali,0.0
8c11c10a,DR Tawake,0.333
eb02a5f7,Ayush Ummat,0.0
8b7ce771,D Jakiel,0.314
1494a583,Dhiman Ghosh,1.0
12b610c2,TM Head,0.21
2e929b99,GO Jones,1.0
b5aa28ce,Yves Cyusa,0.071
0443414a,Sajedul Islam,1.0
a319edf8,AT Nidamanuru,0.2
37654b75,Nasum Ahmed,0.176
f059910f,Moshiur Rahman,0.25
63bd7086,B Jerkovic,0.111
29b322c7,Ateeq Iqbal,0.238
7a27bee5,Parvindar Kumar,0.636
b8704508,LM Jongwe,0.2
9c333e40,Namgay Thinley,0.272
ac6be7ed,J Alegra,0.375
82b90140,Shahidullah,1.0
a35849be,Rokhan Barakzai,0.0
7ee25c46,Raja Adeel,0.148
7bf34437,C Pervez,0.2
3cf06094,Bilal Tahir,0.434
55f33b32,JL Ontong,0.714
9219eff0,JDS Neesham,0.467
2f28dc94,RAS Lakmal,0.272
21bf71ab,T Mupariwa,0.0
a12e1d51,SL Malinga,0.253
e258a603,N Dutta,0.24
ff1e12a0,AJ Turner,0.368
350bb1b1,AF Milne,0.215
6bfa638b,Ahmad Raza,0.0
afe8ff08,M Aboagye,0.071
c5445834,S Stanikzay,0.222
c4e73ff1,KH Prajapati,0.468
18fac429,SR Patel,0.166
6ddaee2d,Abrar Bilal,1.421
babc65d3,Parveen Kumar,0.0
babc65d3,Parveen Kumar,0.285
80f6c181,J Evans,0.222
511871c6,W Perchard,0.0
f0e722e0,Usman Shinwari,0.062
fc75bbba,M Cohen,1.0
0fa5042b,L Ronchi,0.909
8d8c24fd,RJ Nicol,0.238
4b57e452,M Vijay,0.333
31fbf891,H Masakadza,0.378
ea1c36cf,B Wentzel,0.0
8a5a8cf0,SM Warnakulasuriya,0.5
60bec5c3,Muhammad Amir,0.46
1911dcbc,AAP Rivero,0.333
1eb5affb,Paing Danu,0.461
3086f7a4,Mohammad Nawaz,0.433
575ab3ce,CU Jayasinghe,0.0
c03c6200,DJG Sammy,0.455
b7abb123,JB Abega,0.047
d285acaf,CE McConchie,0.09
a81d6706,C Jonker,0.5
753c95b9,SS Pathirana,0.0
c6614fc0,DNA Ankrah,0.0
cf494ffe,PR Stirling,0.273
fe366f34,C Connolly,0.5
9c91218d,A Natubhai Ahir,0.687
0503ae22,Nawroz Mangal,0.5
bd17b45f,STR Binny,0.0
f43dd8c2,SM Sharif,0.22
aa8d28ae,D Wiese,0.37
a9a09cb8,S Wickramasekara,0.235
26d041c4,Sikandar Raza,0.421
f56cd097,Rubel Hossain,0.037
a879b92c,W Madhevere,0.362
7c885103,Ahmed Hassan,0.19
7c885103,Ahmed Hassan,1.181
82fc5e8d,M Sedgwick,0.0
f468293b,JN Loftie-Eaton,0.394
327fcb33,R Olipa,0.5
6d5bdc43,Nazril Rahman,0.461
01679383,DB Loic,0.095
69c994e4,SHA Rance,0.0
9cbbe35b,TG Gordon,0.333
d0042e16,Z Burgess,0.384
c38bf66d,JMV Junior,0.0
22176fe7,MJ Richardson,1.0
6821ac10,JJ van der Wath,0.0
ccd88623,O Lutbayar,0.285
4833efb4,N Master,0.0
99b75528,JC Buttler,0.691
e6a6888f,O Tuyisenge,0.355
d019608b,D Nath,0.25
7081491e,AA Obanda,0.14
65cd62a9,A Martel,0.166
9ccb6e52,K Irakoze,0.108
456884dd,LJ Leokaoke,0.125
4557dc54,PA van Meekeren,0.343
928670cc,BJ Watling,0.6
59f509ed,G Goudie,0.444
9e287ee3,Waqar Abbasi,0.333
113880da,RA Bhatti,0.5
3ed4e2ad,C Rumistrzewicz,0.32
c6d1b1e4,P Baron,0.45
587e65cc,Shahid Arshad,0.7
2f9d0389,LH Ferguson,0.309
8fd1a8f5,DW Steyn,0.255
4d9dfc7f,S Banamali,0.0
431f2dd4,Jun Hyunwoo,0.2
ded9240e,PJ Cummins,0.28
29f0e3c3,Fahad Tariq,0.666
7fa6bd8e,RR Patel,0.604
f892fcf9,L Sipamla,0.333
c8d74c21,J Gumbie,0.0
7839bf3a,HS Baidwan,0.411
f96933f0,Izatullah Dawlatzai,0.187
70ced7f2,Mohammad Aadil Alam,0.625
52dfe157,T Filer,0.0
42537f07,JA Rudolph,0.0
1e960f2a,C Kieswetter,0.8
4d9f9686,Soumya Sarkar,0.547
b018e1eb,L Louwrens,0.0
0bf15e52,Harmeet Singh,0.304
cb9b8664,W O'Rourke,0.0
5eb51b97,V Sukumaran,0.3
5d00cd6f,MT Diaby,0.111
bdf6f65d,N Thailappan,0.0
cd56a813,Jaker Ali,0.526
a17a9548,H Satheedevi,0.5
d6b4e3e2,KJ Patel,0.0
9f77963a,Gulbadin Naib,0.416
5afc0b37,Yusuf Bhoola,1.0
73ad96ed,DJ Hooda,0.571
e2d1822f,AUKDS Kalugala,0.3
de063a39,LD Madushanka,0.0
0996f198,Luka Woods,1.0
24fcd95d,Kashif Daud,0.25
94113d54,AJ Parmar,0.5
74d63a44,Rizwan Mangera,0.0
f0f628c7,MM Patel,0.0
19c56e6e,AJ Mosca,0.615
d03efd83,Mukhtiar Singh,0.0
8ad3d034,AB Mengoumou,0.125
04029c44,Munir Dar,0.5
cffce71d,Raees Ahmadzai,0.25
c520c3b9,Syed Naqvi,0.5
45a7e761,Shaheen Shah Afridi,0.242
c89474d1,TJ Murtagh,0.214
aea11d1d,D Birrell,0.533
ff6a7ab5,R Trumpelmann,0.258
30b902a3,P Heron,0.454
e9d6a2ce,Manpreet Singh,1.052
e9d6a2ce,Manpreet Singh,0.65
7c63baa7,JP Bray,1.0
2687fff2,KC D'Souza,0.342
d3893060,FJ Mpegna,0.166
4d7c5b56,IK Gamantika,0.421
c6d4cff0,C Tommy,0.541
3924b2ee,NR Johns-Wickberg,0.111
df08c69e,KM Dabengwa,0.25
b6355062,Eric Phiri,0.071
a02b9f81,SM Tupou,0.0
da9f58aa,Hasan Murad,0.0
40a5bcf9,M Sohel Patel,0.066
02b078b1,P Malav,0.214
02d0c9ae,Muhammad Asjed,0.333
7c840f73,R Pathan,0.0
ccceaca9,Yasser Nazir,0.0
ee229588,S Movva,0.866
3cf5ae43,Yasir Arafat,0.076
41acc8bf,E Kahamker,0.0
ceec82cd,G Johnson,0.5
9211d267,Rafatullah Mohmand,0.0
be0278d2,Saqlain Ali,0.166
4f3f1ab7,C Malaya,0.0
3df3f50b,Waheed Ahmed,0.133
27d1cc51,PA Hitchcock,0.0
f1f99156,TH David,0.627
adca37a2,Jaspal Singh,0.458
84212ffb,J Liyanage,0.333
3676b91f,D Kegasitswe,0.0
3df8f9d5,Vishil Patel,0.437
f98c24ec,DK Anefie,0.361
e97aefe2,SI Mahmood,0.25
f5b68485,K Pala,0.5
76e84cb1,Naveed Fakhr,0.333
681af475,M Ansari,0.0
e3386c8a,K Bhurtel,0.584
0fa81719,V Saini,0.6
6e60a792,MJ Ansell,0.38
e086735b,Umair Qasim,0.4
c443b748,Rahel Khan,0.285
1fbef290,G Wijekoon,0.0
8bee668b,G Burrows,0.45
f208fe04,Muhammad Safdar,1.666
c4d19735,R Tari,0.447
826e1017,I Liyanage,0.468
2d5c6e88,Yusuf Ebrahim,0.538
13c35c9e,TG Southee,0.524
525c3f54,AR Adams,0.25
6d440f4b,Faizan Mumtaz,0.0
81c36ee9,M Jansen,0.538
5ac8f17b,GJ Batty,0.0
020f24d6,NJA Smith,0.0
a1aeb715,J Hurley,0.285
5f25b104,Sheikh Rasik,0.833
41fc1ece,BB Chari,0.666
6bc04a3e,R Obuya,0.428
8e7e982c,Muhammed Turkmen,0.0
e86754b2,TK Curran,0.275
87e87dd2,P Nedeljkovic,0.166
15c766c3,Inam-ul-Haq,0.272
a127e6f5,Shenjian Zheng,0.0
d5ca4759,Zou Kui,0.142
a9da7784,KJ Abbott,0.333
7955eb15,RK Kleinveldt,0.166
101373a3,Shehzad Patel,0.111
6034840a,O Isesele,0.4
571e1d2a,Shayan Jahangir,0.214
b2dadc51,II Selemani,0.278
a90e53ec,MW Short,0.636
a968d39b,DC Smith,0.3
3abe1ef6,A Ndlovu,0.333
365229a8,K Doriga,0.809
3a1c34e6,D Gim,0.235
e824e6ee,TWM Latham,0.76
0813a8b1,D Marks,0.166
60afbd75,Navid Balouch,0.0
4025c262,PJ van Biljon,0.1
84826f48,NJ O'Brien,0.964
7fa2ab1f,RML Taylor,0.888
e8511411,SJ Baard,0.464
248698f4,DSK Madushanka,0.0
abfeb126,M Kartik,0.0
3540beff,SNJ O'Keefe,0.142
aa467af0,Tanvir Islam,0.25
8e5a1a7a,Talha Khan,0.178
f5bd70f2,NM Salonen,0.75
456f6d99,Mukhtar Ahmed,0.333
e1b9f3a9,BJ Dwarshuis,0.333
6a11facf,Dhananjay Rao,0.5
e5437608,GF Linde,0.428
55fedd51,KK Tillett,0.0
2edb4286,S Varathappan,0.0
8e367d57,Arshad Mazarzei,0.333
3ec513ea,A Maheshwari,0.416
f992c8da,Yash Talati,0.0
30a307d3,J Baleicikoibia,0.5
f9c29fcd,Rahmat Shah,0.0
f91c322b,T Britton,0.0
bcac2e51,H Hajnic,0.0
817c1746,Elias Sunny,0.571
7d21eb9b,GC Tonge,1.0
45eda7c8,CA Lynn,0.176
5b7efabe,Aviel Warsulkar,0.5
b73625cb,Sarfraz Butt,1.2
4cbce738,D Daesrath,0.0
fb3e0d39,C Karunaratne,0.309
d953ed6a,B Zuiderent,0.333
eee46f77,Raza Iqbal,0.451
1798078c,A Randhawa,0.238
7eb7b47b,P Cabebula,0.3
7370ca3d,JH Kiani,0.2
61fb296e,TL Chivanga,0.333
74a578d0,C Udekwe,0.227
2d4465da,SG Whittingham,0.0
28b99edd,Delawar Khan,0.272
6a26221c,AK Markram,0.679
42a01b52,Ilyas Ahmed,0.052
0e3552e2,S Franklin,0.5
5e5eab39,Nazmul Hossain,0.0
755a77c6,GS Ballance,0.0
74d82e24,SKR Mallidi,1.0
2c789867,T Misi,0.0
e6a7c6e2,G Axtell,1.5
17fbaab5,FL Reifer,1.0
dfa6db1a,Vichanath Singh,0.333
a4bcaba7,G Venkateswaran,0.176
3d6617c6,S Jamil,0.666
51e1ed69,SG Borthwick,1.0
e5309baa,CP Rizwan,0.222
0f12f9df,NLTC Perera,0.357
0ec6a7c3,N Khanna,0.375
3de06845,S Vesawkar,0.45
a4afc486,SZ Vayani,0.173
fb7dc205,JL Martel,0.0
0f71478c,YSD Seneveratne,0.0
d8bee9a1,J Shaju,0.217
fa180043,Dipanjan Dey,0.5
b6e29ef5,VM Vaghela,1.0
5038c022,Asad Mahmood,0.066
65cfc56b,DK Shetty,0.0
f5ba4611,M Sarenac,0.076
43f4087c,NA Rock,0.652
e068d48e,Ahmadullah Shinwari,0.363
d5b52676,Idrees Ul Haque,0.6
95d3c4a6,TS Braat,0.166
019e740a,SE Aquilina,0.625
afa2ebba,Kamran Ahmadzai,0.666
3d284ca3,PD Salt,0.666
a6cbe67b,Rhys Burinaga,0.571
05c2ca46,RE van der Merwe,0.41
6ad7d184,D Jamyansuren,0.0
b08252b8,RP Burl,0.493
b84be97f,Khan Arbaaz,0.0
afa7e784,MS Wade,0.695
f915844b,Tarun Sharma,0.2
f915844b,Tarun Sharma,1.0
3ff4f76c,Syed Hussain,0.0
04cf2e94,A Morris,0.0
e91933cb,CC Blake,0.0
7429c452,I Wardlaw,0.0
190957d2,IKEG Artawan,0.39
85b0ccd1,Khurram Shahzad,0.142
c06c25fd,Akhil Anil,0.23
2a03bd2f,L Bruce,0.476
d7af6207,S Kamate,0.142
f0398c2f,J Matharu,0.0
448dab1a,S Loday,0.142
ddc7e056,P Buccimazza,0.285
0a509d6b,RK Singh,0.692
6005fe89,MH Oman,0.5
125bba96,J Perman,0.142
8b46fc4f,J Baguma,0.083
d1d8b6a2,S Kollery,0.0
261d591a,Firas Hussain,0.428
91a4a398,Z Khan,0.117
29573e43,S Navaratne,0.5
75de770f,T Taibu,0.647
1a2676c5,SA Abbott,0.55
b648094c,Ram Krishan,0.0
601544aa,Osama Mahmood,0.333
ab859427,DA Rankin,0.0
e3fe4b49,F Hand,0.23
f76d7466,JN Malan,0.272
fccc2d5a,Usman Arif,0.555
8c483884,Kuldeep Singh,0.25
ea42ddb9,ME Trescothick,0.666
dadb9703,B Mavuta,0.166
6ed3d5ac,DO Obuya,0.3
10eef955,MJM Kavana,0.0
ec02b798,WTS Porterfield,0.372
78bb68d4,Y Cariah,0.0
2ef6c852,JM Joao,0.333
1d8a3ca6,B Namsrai,0.153
872d51a6,P Gopalkrishnan,0.0
ffb59fe6,T Langa,0.0
72b245dd,Anamul Haque,0.277
e68dd455,JS Foster,1.2
290cba17,SJ Modani,0.4
ff8b37cb,S Siriotis,0.75
c01d1c0a,T Jamtsho,0.285
40aea524,Abdul Wahid,0.25
5152ab02,Habib Khan,0.588
a73321d3,A Shahzad,0.333
32a8161e,JW Jenner,0.8
50dbc953,Ayyaz Qureshi,0.0
f3171936,BW Hilfenhaus,0.0
48ad3373,BM Tickner,0.111
ddb41291,L Sreekumar,0.0
2df874e6,R Kumar,0.333
f5715b48,Ali Naseer,0.482
b0ef0346,Faisal Javed,0.333
ed82d9a5,L Shafeeg,0.08
6d36cb93,Shafat Ali Syed,0.0
39713d08,Mohammad Boota,0.315
1be67d37,RTM Mendis,0.25
5b8fffb4,GD Drummond,0.117
37138918,Afif Hossain,0.279
8bbb89ab,Ahmed Baladraf,0.222
0d38ab25,H Fennell,0.15
657c4b12,M Altankhuyag,0.5
9db1b072,SM Dhakal,0.5
70e1b3a8,VRB Arachchige,0.25
10962078,U Sofi,0.333
42172c3c,JT Smuts,0.076
b3540b2a,C Pengkumta,0.083
770494eb,DAS Gunaratne,0.416
2c54c49b,MJ Humphreys,0.333
6d8b7ac4,Abdullah Khan Lodhi,0.5
72f784ca,ID Matic,0.0
62d3f506,SD Valjalo,0.0
06b766f4,R Francis,0.0
3204c99f,G Coetzee,0.166
6d9238ac,Serdar Burak Emir,0.0
45963d9e,N Dickwella,0.464
27cc4361,PJ Ongondo,0.0
3a0f6df2,Zulfiqar Babar,0.142
bb4da4d3,D Visser,0.666
7bbeac6d,GH O'Brien,0.181
6d24561a,Anwar Arudin,0.15
896d78ad,AD Mathews,0.3
b5f30525,Ahmad Ramdoni,0.9
ef503cfe,P Kumbhare,0.15
1efd12d1,PR Brown,0.5
c3d35165,JA Morkel,0.34
d701081f,JH Mensah,0.0
6a63c29c,SVE Bharathi,0.378
52b090a6,Lakshit Gupta,0.25
af2c687b,C Munro,0.296
0f6db197,S Mahmood,0.153
2967df25,M Patel,0.0
2967df25,M Patel,0.0
defd49f6,AK Mandal,0.5
6232e1ed,GJ McCarter,0.0
e6dd77bb,SS McKechnie,0.766
7671203a,M Montgomery,0.0
dfe5db8a,PA Raikes,0.266
acf06e10,SB Wagh,0.0
57efa3be,SB Styris,0.258
e3c88145,IK Darmawan,0.333
a9a18e3e,Imran Anwar,0.24
ab343e93,P Kerai,0.0
e7e86505,B Evans,0.125
df1b4c8f,A Halbhavi,0.125
93720584,G Thakur,0.153
3fbb43a9,Saad Nasim,0.333
5b531900,LF Mavume,0.0
9d6cba1d,TJ Ramphoma,0.0
7662cf7a,Bilawal Bhatti,0.111
44744467,VL Mukesh,0.0
1a8eebbe,Shafiul Islam,0.05
772f226b,Aphsal Ashraf,0.4
a92609f2,Muhammad Burhan,0.5
b3bad3f2,NR Kumar,0.416
017faef2,Z Groenewald,0.3
dcce6f09,DA Warner,0.563
1e66c162,JD Unadkat,0.3
a8529363,S Ateak,0.0
e0c5125f,AZ Shah,0.0
7ca68967,NA Greenwood,0.322
fbd4f01f,AY Patel,0.0
3852600a,Qasim Anwar,0.0
0d9d3baa,GF Gomes,0.071
26ff4c29,RJ Peterson,0.476
5be810ba,MD Dai,0.555
ee7abb32,Gershon Yusuf,1.0
67af6f81,RW Price,0.187
6513502f,Faheem Nellancheri,0.153
98ae73b1,PP Chawla,0.285
692d4cbe,M Gherasim,0.25
25550d06,GI Hume,0.0
2090e94d,J Vira,0.761
8a3756a0,CR Suryawanshi,1.4
ff1ec94d,R Klein,0.666
a03ee6e1,Zhuang Zelin,0.636
0daf3ffc,P Bhart,0.1
fdac5295,JAH Marshall,0.0
6a7239a7,ES Szwarczynski,0.307
01c05b6c,RJ Hatchman,0.062
0c95e20e,F Clarke,0.125
a1448a10,JK Vifah,0.129
90eac542,J Chialoufas,0.4
f3abd0c9,DR Briggs,0.166
b978780e,G Chohan,0.071
7cefb2a2,A Mehmood,0.142
98e4af63,J Danikula,0.4
9a95bebb,S Bau,0.375
fa39ad19,D Robson,0.153
fb31ca49,O Manishimwe,0.312
c63671e9,Naseem Khushi,0.47
bbff906c,CAK Walton,0.789
509a7ca1,MD Gunathilaka,0.466
a64e3b89,SK Atai,0.333
9f998ed8,CW Perchard,0.404
c5a864d7,SJS Smith,0.2
f4d1184a,Kulwinderjeet Singh,0.0
279c51f0,Aakash Chand,0.333
68ddabdb,Mohammad Sami,0.23
9550470d,WIA Fernando,0.235
3d7f02d4,RM Dorji,0.157
58973aaf,IA De Silva,0.058
04bc296f,D Sabir,0.428
4612619b,AS Mehmi,0.6
5190900f,E Haven,0.375
46050f42,GA Rogers,0.0
2a9eee66,Vikramjit Singh,0.363
a9520ac2,J Mubarak,0.562
56544f81,S Rossi,0.7
23cca426,OF Smith,0.444
9a6b71d1,SP Khakurel,0.625
ea5e0599,Jubaid Ahamed,0.444
e012ad13,KOA Powell,1.0
612a395c,S Singh,0.0
612a395c,S Singh,0.0
612a395c,S Singh,0.761
f7bf6004,C Webster,0.6
710e1a5c,Ravinder Singh,0.142
c25be68d,P Magafas,0.0
dd98b22f,Munim Shahriar,0.5
0ec1f412,Sayed Shirzad,0.25
65b6943c,L Wood,0.2
989889ff,JP Inglis,0.5
2feb5b8d,Akhil Kumar,0.333
5661ef90,A Sharma,0.833
1f4a78c5,Utkarsh Jain,0.538
62318525,P Thongsa,0.0
53597be1,BRM Taylor,0.488
9818cc88,M Kyriacou,0.333
40c041ea,Imam-ul-Haq,0.0
e52eb657,KR Ebanks,0.0
c10a581f,CR Richards,0.333
602db3d9,GJ van Rensburg,0.5
71847f28,S Browne,1.25
92c43fac,RD McCann,1.0
2683e28b,Najeeb Tarakai,0.25
e5cb6eb9,Nazakat Ali,0.5
80fe764d,Tanzid Hasan,0.266
f708a0bc,GB Hogg,0.066
8596fe80,Mohammad Hasnain,0.037
557550a4,Hamza Dar,0.107
c9d05f1a,Yasim Murtaza,0.173
83904270,DBL Powell,0.4
ac5a9d43,CM Rocca,0.0
9d1f42c6,Ashfaq Ahmed,0.166
2f8a9682,RS Morton,0.285
c03f1114,KD Karthik,0.655
4663bd23,TL Seifert,0.728
2999e5b3,RSK Samson,0.0
acf2b680,Muhammad Afis,0.25
5574750c,JC Archer,0.153
adb629f6,AL Kerai,0.555
c9473a95,SRMJJ Arachchilage,0.25
599ce28e,Ansh Tandon,0.888
1fba2ae3,Dawlat Zadran,0.205
4329fbb5,SR Watson,0.344
fd43bb69,PS Roberts,0.75
78cb83f3,KOK Williams,0.307
79b4839e,Ahmed Raza,0.363
5249f9c4,AE Isesele,0.23
57fcfd3b,S Muniandy,0.554
a3b9191a,PD Hennessy,0.076
e80ed014,P Desungnoen,0.25
441b1b20,LS Baker,0.0
3cdab0cc,B Angeltti,0.0
6795cc3a,S Udawaththa,0.0
6e1b1ec0,MP Vaughan,0.0
92075cdc,M Taylor,0.533
6084f6ee,Muhammed Manga,0.0
352e589f,Sahir Naqash,0.394
3a60e0b5,WD Parnell,0.125
ef07f354,B Yadav,0.315
c8ea9add,S Simpson,0.0
f737ab44,S Vijay Unni,0.232
32e97806,T Martin,0.5
e7353cbb,Anasim Khan,0.25
23fa9ea9,Abdul Waheed,0.432
94a1827c,OGL Bascome,0.176
e454c356,T Singye,0.0
e43c9818,Mohamed Azzam,0.697
75f3aa00,BN Toube,0.181
6adf9347,Iftikhar Anjum,0.0
eae9fe8a,J Botha,0.425
5abb0f07,TAW Patterson,0.0
4e56e796,JOP Scamans,0.666
c2a6e61f,S Grover,0.888
44d623c9,J Pakhiaokajee,0.333
7572bf45,EHSN Silva,0.5
98e908bd,TB Sole,0.555
216697bf,Mabsar Abdulla,0.5
45f4af74,S Chophel,0.2
5bb1a1c4,I Sharma,0.285
3b107df5,ME Leoela,0.437
5691931a,Haseebullah Khan,1.0
054bf55d,SI de Saram,1.0
af4c15c5,DV Macome,0.47
4ae44aec,G Singhdeo,0.6
a46de6e0,Hassan Khan Mohammad,0.0
be0f9ce9,Haroon Arshad,0.138
753b5a2d,NN Odhiambo,0.238
6798b28e,Sumit Singh,1.0
7a80ddf2,D Bishoo,0.142
f8fd6e3f,Ahmed Shehzad,0.254
af28816c,TE Kane,0.142
906b7d48,Muhammad Moiz,0.75
3c4007d3,Sagar Pun,0.222
dbfbaba1,S Kimura,0.2
ea59139a,Wasim Ali,0.0
305c9b8a,V Rathinasamy,0.0
3e46c4f3,Junaid Mehmood,0.375
43936951,DR Tuffey,0.0
d014d5ac,SE Rutherford,0.25
732c038e,KIC Asalanka,0.283
13f21a98,Alexandros Karvelas,0.25
20e3030d,P Ayoleyine,0.166
d3e83eef,F Mutizwa,0.0
34ab1e6e,A Gbla,0.259
2cf2fc9e,CPPM Sadun,0.411
7213d757,C Bah,0.166
a19db58e,Umair Sharif,0.375
5db10a22,Anmoldeep Singh,0.25
d0e2e8ea,H Niaz,0.2
05e0fab5,CS Martin,0.166
1c914163,Yuvraj Singh,0.21
d1761087,RM West,0.2
d52b13a6,Abdul Shakoor,0.166
d52b13a6,Abdul Shakoor,0.631
5eea345c,Khalid Latif,0.307
68832922,Taher Muhammad,0.1
2278c4ca,R Sharma,0.0
2278c4ca,R Sharma,0.909
6575e3bc,Nazmul Islam,0.153
c9cac448,T Mishra,0.2
8981deb8,Phon Bunthean,0.0
927a5ef5,Anam Mollik,0.5
151e8077,CS Baugh,0.0
9f308dfc,JP Kotze,0.488
015dc0cd,K Mendon,0.117
c07a1f41,NM Odhiambo,0.096
57022b64,BA Simango,0.25
d7c6af50,DL Vettori,0.264
ad1730bc,Ariful Haque,0.555
5597338d,S Ravikumar,0.5
8afe73e2,WA Young,0.352
b16ddb79,W McClintock,0.0
f8648b9b,R Goodwin,0.222
2669d6b7,Mohsin Khan,0.0
fecd828e,M Simpson-Parker,0.54
9585854d,D Wotu,0.235
7a787b98,M Magagula,0.086
66b30f71,AB Dinda,0.111
527c2dab,C Floyd,0.0
0b0cc297,Tanzim Hasan Sakib,0.6
fb59e5bc,Akash Babu,0.142
57bd3ecc,Hammad Azam,0.4
db218528,GC Galanis,0.714
384cebed,Abdul Majid,0.238
f390904d,GH Bodi,0.0
9e9af5f2,Mohammad Wasim,0.586
acee4cc4,Imran Tahir,0.184
b66201dd,Aarnav Patel,0.0
8a9e3cd0,C Forbes,0.071
0e63259d,J Campbell,0.333
8f70fff7,S Conteh,0.178
c498c510,N Nipiko,0.179
b5e7d375,T Bukenya,0.0
5892ac75,R Kalimuthu,0.071
3300d23c,SF Mire,0.222
69e23303,Shahadat Hossain,0.0
69e23303,Shahadat Hossain,0.0
cc3ebe28,Haroon Shahid,0.0
75b8e198,Nangeyalia Kharote,0.166
0f88e2dc,Shafraz Jaleel,1.5
e6581a17,CM Akachukwu,0.333
eb9cb105,SC Meaker,0.5
1fb2f362,IS Billcliff,0.0
395695ce,C Kyewuta,0.111
4e6ff836,JA Fitzgerald,0.264
2f26ac1a,Mohammad Rizwan,0.627
432bf4f5,Zishan Shah,0.5
400cf68e,S Mba,0.5
98d05440,B Regmi,0.222
e38bce7a,MG Bracewell,0.523
b0358c6d,WAE Burton,0.52
110b180a,DE Roache,0.111
e56fb33a,Adeel Tariq,1.0
249d60c9,AU Rashid,0.278
90a41671,L Karlsson,0.75
71b1e668,Assad Mehmood,0.0
8db7f47f,RJW Topley,0.176
19845ff5,Areeb Quadir,1.2
d792374d,KK Dobell,0.0
25bc2d36,N Pathan,0.0
43420e97,Naiem Bameri,0.0
032c7eab,Khaibar Deldar,0.428
5481bd91,J Hill,0.0
b9cfb0b1,Sayed Monib,0.289
1f3b9f8d,M Akayezu,0.354
c674f722,GT Taylor,0.4
3967b66f,CJ Langford,0.25
3eb26dc4,S Desungnoen,0.388
62474838,Mohammad Ahsan,0.0
800d2d97,JM Sharma,0.444
2e18b647,T Turan,0.0
2bcbcac3,A Limdawala,0.606
0226b73a,Imran Haider,0.09
0226b73a,Imran Haider,1.5
f8ce577b,Aminul Islam,0.1
4ae1755b,HC Brook,0.692
a4696d64,Jakob Gul,0.5
a843d7a8,Obed Yosef,0.375
e87c009a,A Gasteratos,0.0
5eef2118,MVT Fernando,0.0
efcb778e,J Butler,0.466
efcb778e,J Butler,0.371
0f12f9df,NLTC Perera,0.357
5493ad5c,Tanzeel Sheikh,0.235
04539335,D Wheatley,0.222
c3ba4942,R Siriwardena,0.222
63bff7f9,SM Harwood,0.0
2e11c706,BCJ Cutting,0.714
af98bf5b,Ammar Khalid,0.0
aef39fe4,Muhammad Tanveer,0.32
6ceec40d,Sandeep Nair,0.0
a9fd84fb,M Markande,0.0
0a4ebc61,T Henderson,0.0
910584a7,Usman Waheed,0.166
f17ac7d0,Muhammad Khan,0.333
adbf0400,Basil Hameed,0.475
c8a3f688,SN Netravalkar,0.25
2a04400b,Sabir Ali,0.0
e553e27f,K Senamontree,0.357
bbfdb0c8,Mobashar Ashraf,0.0
21bfd654,P Agnihotri,0.5
036dcf9b,Saber Zakhil,0.395
65cebd5d,K Mishara,0.0
68019a70,EF Beard,0.545
819574ef,OR Willis,0.25
78a3ae4b,ZXM Vukusic,1.0
24c1844e,S Chaudhary,0.142
e3829b2a,Usman Ghani,0.428
0dc00542,Shahid Afridi,0.142
0dc00542,Shahid Afridi,0.303
6cedad99,EB Ringera,0.323
3a592d0d,D Samarawickrama,0.0
68f7caf9,M Jenkinson,0.2
f5180fe6,MG Johnson,0.166
b7646e8c,GEF Barnett,0.4
5c037734,Choudry Share Ali,0.111
c872d657,DV Devjani Mutreja,0.0
83d17bbc,MW Forde,0.6
526e006d,Jay Odedra,0.0
45a43fe2,RD Gaikwad,0.5
8f8d30be,S Ashwathnarayana,0.538
a8c5552f,Aslam Doria,0.0
90bd1f11,B Mahesh,0.0
269cc4ff,Riazat Ali Shah,0.366
06c2de82,L Gregory,0.0
7ed9fd56,WU Tharanga,0.076
653a7fa8,PV Vuniwaqa,0.437
755819f4,Zafer Durmaz,0.0
b0e08fde,Usman Limbada,0.142
1558c83d,Apon Mustafizur,0.0
ad2efd29,Khin Aye,0.307
bf976fb0,AS Samra,0.4
38952986,H Virdee,1.0
10a2a1ff,PG Fulton,0.333
d24ad3e5,Danish Jasnaik,0.111
96503059,Ahsan Malik,0.433
da785bf8,GB Brent,0.666
1ac2a995,HR Walsh,0.257
3ff033bb,MD Shanaka,0.386
bd77eb62,A Symonds,0.214
fd34bcb0,M Machado,0.125
c31adb5c,TC Barker,0.425
fdedb37c,SM Katich,0.666
84880baf,Milad Momend,0.333
37137c8b,BV Vitori,0.181
6bd0d89e,B Mejaro,0.0
c6c7d01b,KM Awala,0.058
018f6488,M Gouws,0.076
d22287a8,KA Bazil,0.125
58aa33cd,Najjam Shahzad,0.592
48a1d7b7,SO Hetmyer,0.454
1d45c01a,A Andrews,1.0
8b39d02a,H McAleer,1.0
2d1b6dee,GK Ghalley,0.642
caa18d8b,Ismail Sardar,0.0
f8dcfe4e,JK Mukhiya,0.3
832b77c6,DKD Warnakulasuriya,0.222
51a3c5ef,MJ McClenaghan,0.241
dce01d1e,Zahid Abbas,0.666
ab591e7d,E Isaneez,0.0
67721a32,S Santhirakumaran,0.5
d1c36f5c,JJ Roy,0.296
49118dc7,SO Ngoche,0.347
9bc324b5,JR Barry,0.2
dc1dd6c4,Ijaz Hussain,0.148
5f0f398d,D Mauro,0.25
7adc2d68,Yash Singh,0.166
93c8799e,N Acawei,0.4
3c87f0c3,JN Frylinck,0.406
efbd35a9,LA Musiani,0.375
91f4a6e5,GPK Wijesingha,0.166
c18cecbe,J Barker,0.388
a790df98,S Snater,0.166
58cb36aa,S Nsubuga,0.2
63772ee4,D Finau,0.25
501fca0d,Sachin Mandy,1.391
1c8cd1c3,J Horrocks,0.133
da4a1e46,M Spoors,0.2
d0d32c30,Amandeep Singh,0.294
0ebfb1ad,E Lewis,0.29
917f0c3f,A Trivedi,0.0
c7726eec,Atif Rasheed,0.375
cad11a02,W Boshoff,1.0
a22fb7b5,PM Nevill,0.333
dae28050,Sahel Zadran,0.321
f99a219a,E Sebareme,0.296
c156cc1f,I Danladi,0.318
39799e49,T Wangchuk,0.45
b0946605,AS Joseph,0.312
a482add2,KTK Rodrigo,0.153
94238673,HK Bennett,0.0
fd3c5c00,AAA Patel,0.25
9de271ef,P Utseya,0.171
8abdf100,CJ Anderson,0.5
17aa4f1d,Aaron Jones,0.205
8b6aebf7,SF Nhavotso,0.5
97f44626,NK Tiwari,0.352
6dd8b88c,Usama Mir,0.4
02b87bde,LW Potthoff,0.5
7be8a0ed,JW Dernbach,0.256
7fa12533,MS Chapman,0.356
307684f3,T Wuatai,0.0
99ffb3d3,KRP Silva,0.5
14af45c4,KDA Lukies,0.285
8831b92e,Raunaq Kapur,0.0
5e71fa21,Shabir Noori,0.0
531f0278,K Santokie,0.083
f3cb53a1,MV Boucher,0.76
07b6c3c1,LU Igalagamage,0.0
0848ac5f,S Thakor,0.339
06b387f1,Waseem Yaqoob,0.176
9ab63e7b,Mohammad Hafeez,0.252
fc362c5d,Qamar Mushtaque,0.611
552b228c,Anshuman Rath,0.411
c4a60a7b,Mohammad Ayaz,0.0
b59db04f,SA Edwards,0.91
3e06e7ac,Azyan Farhath,0.114
83f59aa3,Muhammad Ansar,0.0
b5417394,Noorkhan Ahmedi,0.5
62b2aa65,M Dale-Bradley,0.142
ea86bc29,V Aritharan,0.5
922e3dcc,Kamran Khan,0.277
b9fd3959,Iqbal Hussain,0.538
ee86a890,Rameez Khan,0.0
c5928dec,HDRL Thirimanne,0.307
2d8aae2f,SP Gauchan,0.0
8d2c70ad,Kuldeep Yadav,0.307
50250426,Asad Shafiq,0.3
ab126ea8,JE Pitcher,0.444
25ef10a2,S Saeed,0.4
c654af19,R McLaren,0.25
7714c405,J Thinley,0.0
212aeedd,N Peter,0.0
56f53516,DAP Darrell,0.363
9960a421,H Dandapani,0.125
0a8fce53,Mustafizur Rahman,0.219
5485c999,P Dakainivanua,0.0
cfcf189f,DA Blignaut,0.206
28b032ac,Lucky Ali,0.238
32613355,M Akhigbe,0.0
1c790f4f,Rumman Raees,0.125
88251c6c,Asrar Ahmed,0.285
74be2916,D Doyle-Calle,0.862
4751caa3,CBRLS Kumara,0.08
6e71b00b,N Henderson,1.0
12678cc7,T Cross,0.0
8f7a598f,RMS Eranga,0.333
1c014a94,K Dasan,0.555
e1891e00,BV Sears,0.066
08a4f9ad,DC Thomas,1.166
056b433b,Ishtiaq Ahmad,0.214
c381cec5,M Kpaka,0.38
4393e047,R Nehonde,0.394
762f43b7,ROC Dunka,0.0
8c7b9bfc,Mohamed Ishmath,0.125
95a5e066,MG Erasmus,0.553
7be8a0ed,JW Dernbach,0.256
4d2b96b4,I Tchakou,0.272
a8f91f78,Abbas Ghani,1.333
6db7068e,RA Thomas,0.25
7a787b98,M Magagula,0.086
9238dd92,YM Nkanya,0.285
4d0d5b7d,I Elec,0.181
e77c9807,DK Pallekonda,0.0
00863408,MTMMJ Ave,1.666
324e00a9,Danyal Raja,0.2
4fbc6060,S Mohan,0.0
6176f240,Chirag Suri,0.0
1a9e9efe,Bilal Hassun,0.181
946d4d9a,Mohamed Shiyam,0.6
4b51bd51,Mahmudul Hasan Joy,0.666
f58295c2,JM Iradukunda,1.0
f815a3b7,Amir Sharif,1.0
dad64776,MV Matsau,0.071
e4271302,Amjad Ali,0.2
7fe9a7e6,Y Jalloh,0.666
35f173a0,MP Breetzke,0.5
65122d56,K Christie,0.363
27af6414,BJ Rohrer,0.0
f5f18a18,S Randiv,0.0
b8cc58c9,RR Hendricks,0.438
b6b3ee6e,F Achelam,0.694
321be7e3,A Ashok,0.0
f3c150bb,Saqlain Sajib,0.0
1a710f40,Ali Rasool,0.25
e2f7d34b,Muhammad Naeem,0.142
1bb0993e,Abu Jayed,0.333
5056011d,GJ Bailey,0.333
1d50ed62,S Hongsi,0.0
d4aa6a65,S Rengarajan,0.0
9048c17e,DM Gondaria,0.461
f92c9151,TC Bruce,0.937
dcdb87f2,Bilal Khan,0.153
4ec96094,GR Adair,0.1
9dc3ea7e,H Hiri,0.285
6c6591ab,PP Ojha,0.166
31366b7e,G Mckeon,0.5
99cddc5e,GH Dockrell,0.471
d26858c0,HB Kayondo,0.0
59e99272,L Zulu,0.166
7f929ebe,AN Toube,0.454
745c3cbc,Adnan Mirza,0.357
dd468277,N M'shangwe,0.2
f42064d5,CN Greaves,0.413
c31d7da1,Jordan O'Brien,0.615
73c18486,KR Mayers,0.405
de6ad58b,P Pustoslemsek,0.5
20d948ae,B Maphosa,0.333
9e432a38,Khalid Shah,0.375
b56f5b6f,AE Paraam,0.235
86ea6123,Mohamed Coulibaly,0.083
bd0a4a7d,CA Young,0.169
6b46ce43,EJB Miles,0.181
c7aae1f0,M Kadyan,0.0
dc650363,FE Carava,0.0
f0e8d51a,Shoaib Ali,0.25
e11bf38a,Maqsood Ahmad,0.0
06b45b20,A Venkatesh,0.562
df3947f4,Muhammad Murad,0.333
b8fe81be,Ali Hussain,0.2
4d0055a0,MA Parker,0.0
4277234d,Sufiyan Muqeem,0.0
de6b3760,Festus Benn,0.444
d754fde8,Zaheer Ibrahim,0.458
61c48027,Kuldeep,1.142
69649715,JT Darrell,0.0
5d36377e,D Simpson,0.0
b9c3ffcd,Tafseer Ali,0.25
8c3cbee9,Imran Ahmed Kaneez,0.2
a03bba42,T Shamsi,0.171
52f96571,RJ Trott,0.095
37753749,Shahid Mahmood,0.461
f5821615,JS Patel,0.363
bed90114,JA Clarkson,0.4
c311564c,Ibrahim Jabarkhel,0.666
4d05a82e,Mohammad Kashif,0.333
3ee90b67,Khalid Kail,0.047
2e9fdf9b,DAJ Bracewell,0.368
7b5c6c0b,CD Wallace,0.45
4ec07775,RN ten Doeschate,0.173
8e81b773,VB Chikkannaiah,0.148
467c28f9,C Hartmann,0.571
571f11e4,Tanveer Ahmed,0.2
efc04be7,Noor Ahmad,0.357
b681e71e,GJ Maxwell,0.464
480ed517,Imran Farhat,0.428
a3bfec5d,SR Clark,0.444
d2d4bb0a,TR Birt,0.25
d816fc1c,JJ Huo,0.342
356bf068,Shamsullah Ehsan,0.25
957532de,S Aravind,0.0
dd340ef9,VS Wategaonkar,0.5
1abfa11e,L Nakomo,0.166
cbc6c352,M Goonetilleke,0.333
5e0bb751,Shagharai Sefat,0.4
b0e16d9b,N Naranbaatar,0.307
8f02f6a8,J Mosca,0.5
f8c72766,D Heyliger,0.181
a40710b9,Ramanjot Singh,0.2
41eb66fd,Muhammad Younis,0.214
e186f49c,Mashrafe Mortaza,0.188
4f3a89ae,SM Nash,0.166
43449b1e,JEA Doctora,0.6
60cc80ac,Razmal Shigiwal,0.282
47c66d8a,B Masauko,0.454
baf0fc26,R Rohan,0.275
45df0e72,CJ Bowes,0.4
987187b9,Zeeshan Ali,0.604
d67d5f00,DA Miller,0.656
a5501504,AP Yadav,0.619
331ea488,UT Khawaja,0.555
1fb04d31,AA Jasani,0.0
270b3f8e,JK Kamande,0.083
96a6a7ad,NM Lyon,0.0
f1737607,RM Siri,0.4
3f149080,M Coetzee,0.333
004c9e85,PJ Hughes,0.0
2835af2a,A Kapoor,0.5
9ffd1ac1,T Bavuma,0.416
5bbabe59,TL Chatara,0.116
d88f9163,ST Yalimaiwai,0.0
2af0e3b1,GA Priandana,0.343
91cc319d,Ma Qiancheng,0.0
f62fa324,Tasaduq Hussain,0.0
3465e307,R Athapaththu,0.285
6577a6ad,BK Stroud,0.0
9d280648,NB Budayair,0.0
70456281,Ehsan Nawaz,0.333
7990dc16,Muhammet Bicer,0.2
7132a1a6,B Kalki Kumar,0.0
9d0344f3,Akif Raja,0.111
5b2acc3f,Shahid Afridi,0.142
5b2acc3f,Shahid Afridi,0.303
2a7a3137,S Arachchige,0.25
9a963804,LE Plunkett,0.318
f86ce673,AC Douglas,0.523
eba6a852,SCJ Broad,0.375
b7152dc4,Shayan Khan,0.0
241a104c,V Hampihallikar,0.166
67fedcb4,Fayaz Mohammad,0.0
ccdd8308,ST Finn,0.285
fb66ce1f,CH Morris,0.26
fd2bf2a0,Umar Akmal,0.619
9a2fc964,BC Fortuin,0.2
074acfb4,Asif Khan,0.107
107c26fb,KT Maphaka,0.333
673be48f,W Nalisa,0.225
036b8660,BKB Corbin,0.0
430b7399,IP Swaney,0.0
e734d090,CN Ackermann,0.272
740742ef,RG Sharma,0.408
585dda5d,KNA Bandara,0.333
e56f4180,A Turkmen,0.363
cefe0886,E Schiferli,0.833
33155d1b,IR Bell,0.5
6b19d823,A Mishra,0.1
7d608e12,DM de Silva,0.477
d2babdd5,E Chigumbura,0.385
bd021695,Qudratullah Mir Afzail,0.166
dcf81436,S Kaul,0.0
d4550956,Ibrahim Zadran,0.386
53bc7b84,Aftab Ahmed,0.0
53bc7b84,Aftab Ahmed,0.363
d3fcb126,E Hasahya,0.4
83f0b848,C Liebenberg,0.0
7c681ee9,J Smits,0.2
28496266,CT Mumba,0.0
2af28253,Vraj Patel,0.274
495ded1c,N Katechis,0.75
08548b13,PHKD Mendis,0.421
b3179e21,CB Ondoa,0.181
d8dccff5,JP Kaltapau,0.24
f752db61,JL Pattinson,0.75
6264d645,CP Turkich,0.222
52c952d9,T Sangha,0.142
9c9f8dbc,H Davids,0.0
0ab42b8d,J Kemp,0.6
45ca12a7,D Kansonkho,0.434
dca1ac2e,Amir Hamza,0.03
cc62ec8a,Ngawang Thinley,0.272
50955fee,Syed Tameem,1.0
c8c9d60b,BBJL Perera,0.352
44e00a4c,N Senamontree,0.068
947346d8,G Ganbold,0.153
3f9b1a96,Zeeshan Khan,0.348
d4f2a7b0,Toqeer Ahmad,0.166
fb0abc20,Haseeb Amjad,0.111
007113d7,HAM Shah,0.566
391a825b,C Sudarsanan,1.38
c6e10e5c,NK Patel,0.428
39fd9295,K Piet,0.315
2851a1fc,IS Munir,0.0
8a00eec1,AN Hyobeom,0.333
580ae7f2,IDA Damarell,0.962
03ecfde2,Shoaib Khan,0.0
03ecfde2,Shoaib Khan,0.392
da21531c,Waqar Khan,0.25
da21531c,Waqar Khan,0.285
8209da53,H Singh,0.277
ff92e604,G Schachat,0.333
ccda520f,Anik Ahmed,0.0
1f943bef,H Rathod,0.176
18ac3318,Mohammed Faraazuddin,0.166
2ed569a0,RD Chahar,0.5
5473ec6f,Manish Sharma,0.111
86ac0262,S Mills,0.0
6779e840,R Cunningham,0.0
24bb1c2f,Haris Rauf,0.263
4b83e65a,AR Balla,0.187
0f85e75c,Fida Hussain,0.0
fa308279,A Paul,0.538
09c766ec,Mohsin Zaki,0.0
7c70083d,DR Brown,0.0
2c14421f,B Isaac,0.333
dbe50b21,HH Pandya,0.5
c70448aa,R Hekure,0.25
6581d753,JM Kemp,0.375
0d37dea9,DE Budge,0.5
09e86895,Pyae Phyo Wai,0.076
87046e99,Gagandeep Singh,0.0
87046e99,Gagandeep Singh,0.777
de3acffe,AJ McKay,0.0
d2a989fc,DS Kulkarni,0.0
07687c15,Sultan Ahmed,0.6
07687c15,Sultan Ahmed,1.062
11df3dc8,MJ Lumb,0.307
1a3cc554,RK Paudel,0.525
6de51a8e,Ritik Tomar,0.636
f62772e5,P Negi,2.0
d28f4d1c,SMLD Samarakoon,0.0
3b2ca392,Shunan Ali,0.1
2b8123ff,Muhammad Tahir,0.0
4aad6842,Sheraz Sheikh,0.366
58a7f842,Baz Aybui,0.3
a1d053dd,SS Cottrell,0.431
7e9f1cde,Kushal Malla,0.319
04ed04d2,Ali Zaheer,0.333
8069f81f,J Tuffin,0.0
e141fddd,EB Knowles,0.5
f846de6a,MN Samuels,0.179
f467d746,MC Bascombe,0.0
a9d788e3,Mohameed Taiwo,0.392
f9e6e7ef,Shahbaz Ahmed,0.0
7afc806f,C Olphert,0.0
a4cc73aa,SV Samson,0.727
68e7e8d5,J Henry,0.166
6d9d2de7,AN Aminou,0.058
3b282e51,Bashir Shah,0.0
e1c92333,G Chaturvedi,0.421
869f61bc,RL Vitas,0.0
3d0ed2f9,JT Ball,0.5
f2637e05,LSP Siriwardene,1.0
1f7adc8a,Arafat Sunny,0.1
b6359668,Qasim Akram,0.666
97e36a0f,Mahmud Jasat,0.5
f986ca1a,HV Patel,0.208
fb2d1dda,N Rana,0.0
866d3ac8,A Parima,0.583
24b3651c,MK Gnanasekaram,0.428
3d5d51a5,T Marumani,0.257
7febdb69,RM Scott,0.0
14810ee7,Kaleem Sana,0.269
d405c0d5,AM Hardie,0.4
0c160e0d,Afif Khattak,0.0
97bdec3d,G Motie,0.238
fef40097,W Miyauchi,0.782
b91083bd,Abhijeet Ahuja,0.315
b68a30f0,IG Butler,0.157
58533699,SR Mohan,0.571
b6a85ead,Vimal Kumar,0.25
12bffe91,LL Tsotsobe,0.043
8b3e9c7c,PP Shaw,1.0
d4aa2ddb,R Sheshadri,0.25
33cb3411,Younis Khan,0.48
fc4375ef,BFW de Leede,0.473
5a4c12ab,Sohag Gazi,0.2
f8e3c0f8,Omair Yousuf,0.333
6b8eb6e5,S Sreesanth,0.222
6113433c,Akbar Khan,0.428
d96165b5,D Myers,0.176
ef5d54c6,Irfan Sarfraz,0.25
465fd722,A Chaudhary,0.0
1ce4f664,KS Bagabena,0.355
192f2caf,A Bhargava,0.2
ae8ee4cc,R Tanna,0.0
d5c38041,Samiullah Rahmani,0.333
8f6dd463,Azmatullah Omarzai,0.272
eb4f9c61,LN Oluoch,0.193
e6bf8162,H Klazinge,0.166
d666d3a8,BA Parchment,0.0
395179e8,D Parashar,0.5
94eac556,CJ McKay,0.0
b561e8ea,Nimish Lathief,0.285
a0a32dd1,Imran Khan,0.181
a0a32dd1,Imran Khan,1.0
a0a32dd1,Imran Khan,0.6
4a2ce060,M Jobarteh,0.363
6843a783,Shan Masood,0.263
6ec13131,Shah Abrar Hussain,0.2
30f92334,ZGF Foulkes,0.0
b98b5e1c,Sohaib Maqsood,0.269
2957a836,GJP Kruger,0.0
31adde7f,L Emilio,0.956
a9a4df9f,JO Ngoche,0.0
ec106638,Rahmatullah Mangal,0.473
5365f10f,RR Bastiansz,1.2
98e3f1de,S Burdekin,0.0
53419aff,J Ghadiyali,0.0
1920c721,WKD Perkins,1.0
b78b3ffd,S Nadigotla,1.0
c1b74851,ED Silva,0.25
2182013e,SW Masakadza,0.285
59ddd811,NE Bonner,0.0
5b1d6583,AK Sah,0.833
c4e205e4,M Vivekanandan,0.23
469ea22b,KMDN Kulasekara,0.293
6eea0b32,Nasir Hossain,0.5
89b7e368,Asad Mohammad,0.454
6e3f5a5c,R Ngarava,0.152
4289ccc9,Samader Shadab,0.5
85dcc96d,N Wijesekera,0.3
4992d6f6,ST Doheny,0.666
568e5a4a,AR Cusack,0.212
a6755401,DS Maraiwai,0.666
f1c61793,JD Wildermuth,0.5
0ac067e8,DR Hooper,0.291
83fc78e8,Rehman Abdul,1.0
ad733e72,DF Watts,0.6
602ebd4c,Sami Sohail,0.456
0f721006,JO Holder,0.45
39f0b039,Baljit Singh,0.2
cbd91942,M Taniyama,0.266
5592153b,Kamran Wahid,0.0
4e9af8f6,A Shreshta,0.909
796e4140,Khurram Chohan,0.25
a21ea40c,CK Coventry,0.153
9206e859,Jason Lui,0.0
4ee5ded2,Israr Khan,1.0
b3092fc4,L Maphane,0.0
4d83491d,Aftab Kayani,0.25
a120e81b,Mohammed Qasim,0.333
b64e3749,E Ochieng,0.333
415c6ccf,Usman Patel,0.8
6ae9c751,JJ Celestine,0.0
f80682f8,Ravinderpal Singh,0.588
30a45b23,SPD Smith,0.611
369cc49c,Rafiullah,0.625
f0f2b9c5,V Khanduri,0.25
842b7388,MR Dorgan,0.0
e82543d5,M Vandrasi,0.5
4c72b407,Ahsan Khan,0.083
ed27d267,Yousif Wali,0.0
4e3fd330,S Kushretha,0.384
dec8e038,J Theron,0.166
a89730a9,W Viraliliu,0.1
053f3ce3,D Ravu,0.25
321fcf79,S Singh,0.0
321fcf79,S Singh,0.0
321fcf79,S Singh,0.761
3c55c703,JG Bethell,0.0
f2c0c73d,R Parkin,0.0
2fdd16fe,RG Aga,0.35
b98cdbf0,AD Poynter,0.117
026e1314,Ali Yalmaz,0.23
059ec7a5,B Kgosiemang,0.166
0fdabe05,V Sibanda,0.461
fb34b0ec,WJ Cope,0.303
d365d463,Nurul Hasan,0.666
63578359,Kashif Abbas,0.0
ac1ddea1,Garret Banner,0.142
0ecb4de6,Rehan Ahmed,0.285
74234d66,JN Gillespie,0.0
b57f8a9a,BJ Hodge,0.333
d8699ab7,ML Hayden,0.111
44afbf2d,NJ Maddinson,0.166
e2abcf16,Niv Nagavkar,0.666
57b3c398,R Drake,0.357
b76b2d25,Sachin Kumar,0.153
126f1e28,R Nath,0.454
8e38d470,Robert Raina,0.4
ae5a7eb5,Saud Islam,0.263
02fa5417,R Vishwanath,0.0
dfbea4b3,V Jagannivasan,0.285
b0ff13d6,PV Naringrekar,0.0
eef2536f,Avesh Khan,0.454
c594137f,A Shukla,0.0
c594137f,A Shukla,0.162
b410bd3d,S Lamichhane,0.379
4a745f65,AR Nurse,0.461
7804d401,R Davson,0.0
cfbd3998,Naseem Khan,0.142
74487d79,J Edness,0.333
a77472dc,G Stewart,0.357
00029c30,M Mwamadi,0.083
6a685375,JB Reva,0.111
85c56be8,C Chatphaisan,0.483
a7489342,IDR Bradshaw,1.0
27320242,IW Budiarta,0.0
50c6bc2b,LS Livingstone,0.46
a830c083,ND McKenzie,0.0
c160db98,C Smith,0.5
9c1ccdea,J Louw,0.0
b40ee8a8,PC de Silva,0.5
d146924b,Raza-ur-Rehman,0.4
782fb776,LV van Beek,0.548
64d43928,Sohail Tanvir,0.122
eb40ed89,VP Thamotharam,0.29
7264b765,Mubasir Khan,0.0
acee4cc4,Imran Tahir,0.184
db767b89,TL Best,0.0
80058153,Karma Dorji,0.111
0bab1be2,M Fru,0.25
7f87204d,SP Terry,1.0
91ffa6c6,JD Ryder,0.318
f53b3e1d,Karan KC,0.333
ff13b10c,Mohamed Shafeeq,0.156
38214163,M Faraz Akram,0.111
458c7f03,Amir Shahzad,0.0
5f26f677,BM Duckett,0.5
f3e240a6,Mustapha Yusuf,0.0
fda4150a,M Brasier,0.0
3766056b,BJ McCarthy,0.214
6978bff0,Sajad Ahmadzai,0.058
c988daa1,I Takahashi,0.27
ce1abd25,J Jemison,1.0
bfd93f9b,R Gowthaman,0.2
f476d2a5,Asad Ali,0.0
f104c434,Muhammad Wafiq,0.096
a670d624,RR Watson,0.444
d2ec068c,Fitri Sham,0.186
aceb7654,JDF Vandersay,0.071
fd68e23d,P Fernando,0.0
d300d274,Saim Hussain,0.529
a268c07b,K Hinds,0.4
373954ca,Fayaz Khan,0.538
e6082b10,BP Adapaka,0.062
a390cdd7,Usman Ali,0.125
07b6f54c,DDP D'Silva,0.4
b672e825,A Manousis,0.363
0e5ccbb4,Usman Mushtaq,0.0
2a6ccc1c,S Chandramohan,0.723
98514dce,Ibrahim Nashath,0.363
ada15e88,PSP Handscomb,0.0
ac02a458,V Pulibanti,0.0
023c40b8,Zhao Tianle,0.285
43462314,Rohit Kumar,0.0
9a08a863,Ansar Iqbal,0.0
5b616bf0,LA Burns,0.25
a049c39b,Tariq Aziz,0.0
5117fa55,Ismail Ali,0.166
7ffe4817,C Tear,0.6
dd14abf5,R Sakurano-Thomas,0.228
30acd4b7,SP Gomes,0.714
ec5160d7,J Broad,0.444
69cccff3,Rashid Khan,0.0
69cccff3,Rashid Khan,0.387
de0a3209,Mominul Haque,0.166
06cad4f0,A Sharafu,0.4
39f01cdb,KP Pietersen,0.388
7a25958c,Huang Junjie,0.571
f14c62e4,PA Nixon,1.0
95c214dd,Ousman Bah,0.2
b3e9555a,Aziz Mohammad,0.263
8ac3d7ee,Haroon Mughal,0.133
98299b67,HGV Vare,0.461
243a2cf1,H Isorena,0.2
f2e8b37c,Arafat Minhas,0.0
fbaa61d2,KO Otieno,0.5
a48c9735,Amir Mangal,0.3
a1d3540a,PJ Moor,0.333
45642393,Muhammad Usman,0.255
b3ba0c35,Kamal Raiz,1.0
0b130202,CL Cairns,0.5
7b9b9aef,Abdul Shakoor,0.166
7b9b9aef,Abdul Shakoor,0.631
ef18b66e,Taskin Ahmed,0.161
780d1997,RK Kiseto,0.384
024fe464,PD McGlashan,0.818
e9630504,Shaiman Anwar,0.343
14157abf,Aqib Iqbal,0.279
871cf744,Deng Jinqi,0.0
0d0f0385,F Akankwasa,0.096
acaf467d,E Munkhbat,0.0
5a37ec26,MS Panesar,0.0
e84ac20c,MJ Henry,0.176
82340b9d,TJ Stephenson,0.0
72861603,GC Smith,0.545
ade3660b,WT Mashinge,1.0
0b37840b,J Dickinson,1.0
e66732f8,RD Rickelton,0.75
1212cbec,Najibullah Zadran,0.411
afe57f7a,SC Williams,0.358
b15eaf77,AO Suji,0.375
bdadf7da,JL Denly,0.307
e48c6ec7,N Davidovic,0.333
424a7994,Nilansh Keswani,0.111
0d677597,W Barresi,0.659
d3c260a6,Usman Rafiq,0.0
27df03d2,Shoaib Rafiq,0.428
f5ef7ac3,TSS Mackintosh,1.0
81c08fa3,Umran Malik,0.25
7f6c2dae,DC Stovell,0.5
65a29a30,Huzaifa Mohammed,0.166
cccac242,Zain Ali,0.5
d482c8b8,Musawar Shah,0.214
5d9a1a73,R Sharma,0.0
5d9a1a73,R Sharma,0.909
59ea70a4,HT Tector,0.641
fc963b23,Junaed Mullah,0.0
0fa5042b,L Ronchi,0.909
9a28e6e1,AJA Samuels,0.333
3576e47e,S Badrinath,0.0
3758028b,JD Allan,0.75
cc1e8c68,UT Yadav,0.333
f08adc01,MG Hunter,0.25
3caaf69e,P Campbell,0.0
24ecc358,TM Dowlin,0.0
759ac88f,MM Sharma,0.125
b743f01b,Syed Rasel,0.125
45c6afaf,Z Shurentsetseg,0.0
495d42a5,R Ashwin,0.169
72e361fe,N Davin,0.5
e2ee90d9,MA Aponso,0.0
12eddf28,RJ Harris,0.0
bfc7799f,E Kubwimana,0.185
fc55ec67,MR Adair,0.431
7dde58c9,Mudassar Muhammad,0.3
1b3acd33,MD Bates,0.0
a7b67d5d,LI Salomone,0.153
74571ec4,Waqar Zalmai,0.3
e29e9c12,Shakeel Ahmed,0.13
bb351c23,MM Ali,0.241
b0f9dac4,R Nil,0.25
d9273ee7,MP Stoinis,0.314
0dbe27b8,BD Glover,0.2
1abb78f8,SN Thakur,0.291
89394502,MA Baig,0.358
5947220c,R Thapliyal,0.0
6a0537aa,N Boje,0.0
87c93848,Wei Guo Lei,0.363
a386e91b,PD Collingwood,0.416
6cc4d322,GC Murtaza,0.25
549aefcd,BJ Diamanti,0.0
da39f141,S Sengupta,0.111
c942a53b,WK McCallan,0.375
81898acc,KJ Ferrary,0.666
502b2c81,XJ Doherty,0.0
7ad1417c,B Vakatini,0.2
462411b3,JJ Bumrah,0.13
aab3e7be,MJ Mason,0.0
f46fbe60,K Shivam,0.0
089ebf89,K Juma,0.25
5470418a,T Rossi,0.266
6829b373,Zeshan Arif,0.5
6e161a33,JNK Shannon,0.125
fec50c96,SMA Priyanjan,0.0
e8a552ef,Usman Khan,0.1
e8a552ef,Usman Khan,0.363
b2b50355,L Balaji,0.0
d45e06ae,W Jackson,0.75
69762509,DR Martyn,0.25
febfa931,Nader Zahadiafzal,0.0
9853b404,ML Castillo,0.4
1c5c3dce,IO Okpe,0.212
eddf25bd,CAJ Meschede,0.2
9e51462f,Naveed Shahid,0.166
cec44e08,SM Sharma,0.0
b63ab531,LA Pomersbach,0.0
87e33d07,F Nsubuga,0.254
dc53a969,Muhammet Kursat,0.0
bc0083f7,P Abhijit,0.0
80ad39ac,Hasan Mahmud,0.277
ff154ecd,JM Cox,0.5
47d00fb5,RL Bhudia,0.333
f4a2d087,Bukhar Illikkal,0.363
5bb5a915,M Morkel,0.113
3b53243a,XC Bartlett,0.75
93f72fdc,AK Muslar,0.444
91e035c6,Awais Ikram,0.5
f5390243,CD McMillan,0.375
1fc6ef83,SD Hope,0.388
f74b682b,AJ Ayannaike,0.45
3c28853f,Sediqullah Atal,0.333
5c86b6ac,S Elayaperumal,0.0
fa794790,Habib Ahmadzai,0.3
87e562a9,DJ Bravo,0.5
02789d88,Shamsur Rahman,0.25
6b25ef46,W Wotu,0.277
8b8745fd,ML Lewis,0.5
6752c57b,Jahurul Islam,1.0
69d03465,AT Carey,0.756
45a34a2d,VD Adewoye,0.333
4c49c917,Naeem Gull,0.25
df064e1a,Ravi Bishnoi,0.393
6d27e42d,Wahidullah Usmani,0.142
c17dcc29,F Khaliq,0.375
cd4d7695,Aarif Sheikh,0.243
d08fe309,TG Thamae,0.312
a9a76481,TO Carmichael,0.5
b312a9c1,E Walker,0.0
c51add25,MB Kruger,0.312
7dc35884,Shakib Al Hasan,0.244
fccebff9,Shapoor Zadran,0.138
856cbb1e,Mohammed Nadeem,0.303
d77ecd14,B Fitchet,0.285
177009a5,LA Collado,0.555
c7acf05f,A Kainessie,0.125
8b0b3bba,SA Mohandas,0.19
aa3a7285,Sharveen Surendran,0.0
529eb9e0,OC McCoy,0.105
48f177f5,AJ Redmond,0.428
7516045a,WT Gavera,0.166
1c40f69f,S Tosic,0.19
e342e5fb,CR Brathwaite,0.463
b52ffbbd,FA Allen,0.657
92256e66,D Weston,1.833
243431b5,KJ O'Brien,0.377
33290a80,K Kadowaki-Fleming,0.228
62175638,Karim Janat,0.215
5680f1ad,CO Obuya,0.5
1afd4f89,S Vats,0.0
2cec2a92,Abbas Afridi,0.2
136848e6,J Dunn,0.0
90f9aedf,RGA Amah,0.058
51abacb2,MM Sarwar,0.142
5fe3709e,G Bakiweyem,0.365
ae380321,F Suluoto,0.5
e33a357d,Niaz Ali,0.0
1252f71a,MRJ Watt,0.223
b7824537,B Niaz,0.115
68e21fb1,Devender Singh,0.238
5332fc2f,Hamid Mahmood,0.23
bb939fa3,Elan Talker,0.375
6c7880ff,Muhammed Shanil,0.0
3ad06915,J Coetzee,0.117
4e35e8ea,Y Divekar,0.0
78eb4223,KAJ Roach,0.09
5531248e,MDK Perera,0.0
edfe226f,Omid Shafi Rahman,0.25
56ab442f,NM Coulter-Nile,0.481
9dad0f2e,Mahedi Hasan,0.32
d1523761,D Ramdin,0.887
e8c00c13,JDA Richardson,0.333
1a54d618,Mohammed Irshad,0.6
75ebfe19,Baseer Khan,0.111
77e321db,Aditya Panwar,0.333
607ed7c2,Shohidul Islam,0.0
7e00711f,Faheem Nazir,0.222
76388dc8,S Badree,0.134
1b6fef02,P Mustard,0.0
e9a870ed,AC Evans,0.333
26c9b5be,R Baaleri,0.26
b03db6fa,MJG Rippon,0.222
d981a1de,J Jojo,0.363
13e5908b,Karim Sadiq,0.166
c28a293e,HS Gericke,0.428
86f84b37,AM Tribe,0.44
42581e6d,K Kubota,0.062
985b649e,Taranjit Singh,0.666
7f784eb8,V Zimonjic,0.259
53d0b0dc,A Kaul,0.272
bd93fea4,PM Siddle,0.0
9eea360c,Mohammad Salman,2.0
c4d28aa3,MS Aulakh,0.333
eb2d5fe7,Anwar Ali,0.312
0939c670,MA Ouma,0.59
44a2bb4f,U Bhagwan,0.0
cf73ad76,JEC Franklin,0.342
eaa36b2a,BJ Bennett,0.3
ed031922,Arshad Iqbal,0.0
3e28808e,N Mugabe,0.12
cc796077,Ghulam Abbas Butt,0.25
d20e22f7,Atif-Ur-Rehman,0.368
d7acab5d,J Bangura,0.818
70d205c9,AT Rayudu,0.666
e174dadd,Mohammad Amir,0.161
8bd614b2,Rony Talukdar,0.272
0da52658,AR Gandhi,0.0
9a54c30a,Mirza Ahmed,0.333
e09a869b,S Barnett,0.0
c7cf22bf,Khawar Zafar,0.0
eaeb065e,TCW Veillard,0.25
51a3c5ef,MJ McClenaghan,0.241
ced0ec25,Ghulam Shabber,0.882
26d80a9d,M Campopiano,0.421
b5a62769,Rajab Hussain,0.0
8dd02a98,LD Chandimal,0.632
3355b542,F du Plessis,0.48
786b7fe8,Zahir Khan,0.0
449f4e3c,B Muzarabani,0.2
9948e262,HE van der Dussen,0.375
ee407966,Divyes Kumar,0.0
2a242d58,Simandeep Singh,0.571
29e95537,AM Rahane,0.8
c41043e6,BR McDermott,0.625
0cd297b9,K Joshi,0.0
6c18c062,KA Jadhav,0.166
0bd536fb,P Raho,0.0
4a8a2e3b,MS Dhoni,0.938
58043739,TT Bresnan,0.294
b34de9a6,WK Bitis,0.25
78f719ea,IDM Latin,0.48
6a88d66d,Abdul Naser Baluch,0.125
b46b3d9b,Muhammad Siddiqui,0.444
f4ccbe6f,K Namchaikul,0.222
24d72446,RS Fernando,2.0
45c2196c,DE Bollinger,0.222
3d8feaf8,MR Marsh,0.476
792805ee,M Abdulla,0.2
469ccead,CB Sole,0.312
f74a1394,Elias Hasan,0.0
ff86a0e1,Muhammad Kaleem,0.111
98dae38e,TK Lal,0.0
193ef196,Sharjeel Khan,0.285
a24be938,VR Iyer,0.444
6a71ba3a,M Levitt,0.235
d5f4f4e4,KO Altamirano,0.0
5a892f36,RLB Rambukwella,0.0
8b261d84,MH Cross,0.808
71ad618b,Saqlain Arshad,0.05
5995707a,R Ankad,0.2
e798611a,HM Amla,0.431
2d9451cc,MK Thakur,0.076
9170ff49,Parvez Rasool,0.0
2e81a32d,B Kumar,0.174
4b2d6789,TS Chisoro,0.071
44c69e2b,S Vijayakumar,0.111
db95ddeb,Sarfaraz Ali,0.152
4861d29b,Mohammad Naveed,0.129
4fc516bd,HMCM Bandara,0.25
3a026eb4,Rizwan Cheema,0.458
1d1c6410,J West,0.5
dcbea954,Aasif Sheikh,0.74
85b3fab2,T Stubbs,0.548
a8d6305d,S Udhayan,0.222
7ca5e05d,RS Bopara,0.189
0fc88c2a,SMK Waththage,0.21
92aeac25,AD Hales,0.527
df1f2f29,Fiaz Ahmed,0.666
e4ad57ea,Ahmad Khalid Ahmadzai,0.333
c38d3503,Shivam Mavi,0.5
9920dd86,CA Soper,0.161
0f8e08ad,SO Olayinka,0.333
cae17490,Ali Hasan,0.166
919a3be2,RR Pant,0.689
ec201565,JD Newton,0.5
eb5aa5b9,Bilal Muhammad,0.225
a4571ba9,A Mustafa,1.0
4d7f517e,AJ Hosein,0.28
a4e37e47,S Dube,0.437
b3f47a20,S Natsagdorj,0.25
3e326efc,JNT Vare,0.75
9d75aec7,J Marples,0.8
0087a35d,Javed Ahmadi,0.0
79209272,Yasir Ali,0.636
79209272,Yasir Ali,0.394
ecd51f8e,T Parima,0.583
19708692,MW Parkinson,0.166
eea6b7f1,SP Fleming,0.4
a3d329d7,ACL Richards,0.0
7923a51d,Mohammad Naim,0.514
59559bc2,J Overton,1.0
138e30ab,Yair Nagavkar,0.375
c020cef5,Saqlain Haider,0.666
c83c594d,M Cope,0.692
9b79b9de,KTGD Prasad,0.0
28adcce9,Anwar Rahman,0.333
0a15f357,Prashant Shukla,0.5
01549705,J van Heerden,0.6
a7de8e39,F Thorpe,0.0
91056862,SA Jumbe,0.203
6949f713,MK Anafie,0.3
10e34eef,A Sokovagone,0.5
3b041a12,Tamim Iqbal,0.236
2cc08c3c,Shahid Wasif,0.5
20f65440,Waqas Haider,0.666
d2d15439,Aayan Afzal Khan,0.166
f97e4db3,D Dewald,0.1
1d6d8a8b,Zaki Ul Hassan,0.375
67ec2b09,Umair Tariq,0.444
db584dad,CH Gayle,0.263
abbdca1a,PM Seelaar,0.426
9a137157,OO Bascome,0.333
33ef1bd5,Rajkumar Rajendran,0.0
34cb2f69,Hamza Tahir,0.294
bb4b445b,Hussain Talat,0.277
709525fc,J Vijay,0.6
d5f3b5e1,D Ganga,0.0
b8b95e44,SDJJ Dima,0.071
452e7e96,Navid Abdollahpour,0.0
4fde9ae6,Aminullah Tanha,0.0
314f0889,Usman Khalid,0.375
8c689890,P Syafiq Ali,1.0
14e1fdab,Amar Sharma,0.25
e8c95491,HB Dickson,0.222
598f5484,Adil Butt,0.666
598f5484,Adil Butt,0.428
f2957511,K Penjor,1.0
abbc06cf,L Sanogo,0.142
6c6d83ef,S Clarke,0.0
78f34e15,IE O'Brien,0.0
c9c356e2,P Florin,0.062
c556b9d2,G Sesay,0.272
af2a0740,M Pushpakumara,1.0
dadbdb68,JA Duffy,0.461
6535cc7b,V Jayant,0.0
b5da6c24,PA Patel,0.5
5faa30f7,Amir Hayat,0.0
0d51e658,CD Barnwell,0.333
21fe743b,STRA de Silva,0.6
3b417422,T Panyangara,0.142
c8065f31,SC Getkate,0.3
2f1c0815,D Cato,0.0
99663fa5,D Mongia,1.0
fccf5309,PA Desai,0.0
9c376401,CS MacLeod,0.593
f8035c2a,BDH Stevens,0.9
a98a6b86,Umair Ali,0.0
91cd337c,R Panchal,0.454
033ac24e,Shafiq Sharif,0.416
1ee08e9a,JA Richardson,0.555
11a22126,A Turay,0.166
14f96089,A Zampa,0.164
b31d458f,Luca Petre,0.166
e13f8b16,AR Leo,0.166
ca72ea31,SJ Hughes-Pinan,0.0
b3118300,Wahab Riaz,0.166
e4a0deae,MJ Santner,0.401
16ddd36b,TD Chaoana,0.409
5426de63,HB Shipley,0.0
273be75a,D Traore,0.166
201d3a67,A Sawyer,0.0
a2317d14,V Mbazo,0.878
024a173d,J Nyumbu,0.0
f3ca5af8,G Kansonkho,0.318
927b34c9,S Pillai,0.375
4d1ec7eb,A Nao,0.277
ca673cff,Sapan Mehta,0.0
52f08be8,JM Muirhead,0.6
8c8a3f08,GM Ntambalika,0.275
328cca93,Zeeshan Abbas,0.333
c0c411cb,Naveen-ul-Haq,0.177
4c4d245a,T Zotos,0.142
9ac1dc9f,Qadeer Ahmed,0.2
a9ee404e,Bakhtiar Tahiri,0.23
4f20959c,Mofassar Saeed,0.0
880eca04,J Reb,0.0
04e0cdec,R Lutaaya,0.15
d07dbc28,Zawar Farid,0.388
2c997ad3,KMC Bandara,0.0
5500c675,PC Connell,0.375
d9609443,ST Gabriel,0.5
a7bc76a0,E Leie,0.0
20b559ab,P Byron,0.0
5b8e8294,K Joshi,0.0
d4eef961,M de Lange,0.166
b7d1eadd,P Jayawickrama,0.0
a69e2964,OJ Webster,0.5
baa7dd37,V Ganesan,0.51
5fa06777,IK Pathan,0.086
51e0e79f,AS Abioye,0.4
f27f89e8,AR White,0.117
33328ec7,Fakhrul Mohon,0.125
fa859d3c,RI Ahmed,0.0
ab8ef1e9,TC Vine,0.0
fce581b5,Khushdil Shah,0.185
d7f1fe76,S Tobgay,0.5
ede05b97,HG Kuhn,0.714
f2800ef3,Yasir Shah,2.0
14fd10b5,Haider Butt,0.53
b0f332e1,L Stubbs,0.0
72c38d77,Rasheed Ali Mamadkhel,0.333
bbd365ad,S Ogundipe,0.0
245c97cb,TS Mills,0.125
60beb01b,WW Hinds,0.2
17bd7d33,N Mourikis,0.0
0b2a170a,R Strydom,0.333
f19ccfad,Washington Sundar,0.352
a7553f15,Faisal Khan,0.263
0730a707,SI Kamea,0.263
275282d0,YC Latouche,0.0
de896b79,DF Jacobs,0.222
8d0ea930,MS Kasprowicz,1.0
927694f7,Farhan Ahmed,0.333
c391d077,L Nyarko,0.8
c90346a0,D Jansen,0.416
fbcfa528,T Munyonga,0.333
00321fff,Mohammad Ghazanfar,0.137
913b4b9f,J Grassi,0.333
8eb7c5a6,L Berthe,0.111
3daaabaa,Ahmed Wardak,0.076
46a7ac78,DM Nakrani,0.237
dd7dd27a,S Godara,0.437
367f4efa,Samiallah Khalil,0.5
aeab0d4f,D Klein,0.347
dd5a9067,V Baskaran,0.181
c10747c3,Imran Arif,0.5
08df0bd3,A Rangaswamy,0.125
d7074ddc,Zaker Taqawi,0.125
a48fc79d,EC Joyce,0.294
26b59073,C Dickson,0.083
77768f72,Rakibul Hasan,0.0
77768f72,Rakibul Hasan,0.666
e0f12392,Mohammed Alamgir,0.0
45d0af7e,R Brar,0.0
d4d37c31,GA Stuurman,0.0
84d0b84c,Tauqeer Hussain,0.5
79b2d37a,Adnan Gondal,0.0
f5be7b08,S Rukmal,0.2
4cc59a40,Said Hakim,0.333
a9b998d9,M Raikes,0.5
a3ead8da,A Sharma,0.833
e7631adc,W Niyitanga,0.166
3eac9d95,JDP Oram,0.333
d6ac6545,Nadif Chowdhury,0.0
a671e99e,D Berthe,0.0
3c6ffae8,YK Pathan,0.409
ee8f1a6d,Azam Khan,0.357
c05f9d20,SSD Arachchige,1.0
98aaa3f3,M Thurgate,0.5
21afb939,Shoaib Khan,0.0
21afb939,Shoaib Khan,0.392
6755b6c7,Merwais Shinwari,0.333
f15d17c7,Sarfaraj Patel,0.166
75224f22,KMA Paul,0.13
7fcc57bf,Atif Mehmood,0.068
16fa34cf,D Marsic,0.222
a76d4082,T Suri,1.285
2498e163,JR Hopes,0.25
36d33dd0,RR Sarwan,0.388
05de1a5a,GC Wilson,0.594
f7d267f7,NP Kenjige,0.19
a18461a2,KD Mehta,0.333
823a57a9,S di Bartolomeo,0.857
809ab8d4,S Tarawally,0.0
95c2d309,SKDT Madusanka,0.062
4edfc785,A Modi,0.285
41eb4a4f,R Vinay Kumar,0.111
bb01f9e0,Shuvagata Hom,0.2
49dcf691,Emran Shahbakhsh,0.333
1021b6e5,J Rasu,0.256
18261c22,SJ Myburgh,0.227
f21043a5,MDKJ Perera,0.338
08fda2e1,Shoaib Khan jnr,0.25
1e43a8c8,Sukhkaran Sahi,0.2
d4e70d7c,Kapil Kumar,0.0
c5d7b244,Mohammad Nadeem,0.339
441c1b67,Uzair Amir,1.0
add288ea,MM Baig,0.222
bb345e0b,G Gambhir,0.305
d11272c4,E Samson,0.0
56c0966b,T Phaswana,0.0
5ec41cd7,Jasdeep Singh,0.36
48f25627,Amjad Mahboob,0.2
dd37da14,UWMBCA Welegedara,0.0
5da43a10,R Sekaran,1.0
5056011d,GJ Bailey,0.333
f7b2cbe8,C Viljoen,0.416
01127aa9,J Buchanan,0.0
54ef649e,ST de Silva,0.0
5ad8c974,I Kaia,0.526
a82eb3fb,TP Ura,0.416
6c19c6e5,YBK Jaiswal,0.652
e1824e7d,Iqbal Hossain,0.28
d3eedb51,I Mugisha,0.166
abb83e27,JM Bairstow,0.594
1a156c88,DJM Short,0.363
b0eaaac6,Ali Khan,0.125
65a60be7,V Ateak,0.142
b8cd9955,W Ngowhuad,0.0
f310704c,Shiraz Khan,0.339
7d415ea5,RT Ponting,0.47
74ef405a,MBS Jonkman,0.666
4aef496b,Nazimuddin,0.0
249fe400,Lemar Momand,0.428
d54397b8,Muhammad Babar,0.0
8a4e101e,Izaz Ali,0.333
36a0a88c,Sarawut Maliwan,0.19
12f53be7,Abdul Rahman,0.0
12f53be7,Abdul Rahman,1.0
12f53be7,Abdul Rahman,0.4
ff077124,Kamran Akmal,1.034
877ad201,Hayatullah Niazi,0.0
e51abd5e,LR Gaonkar,0.5
50758325,B Geeves,0.0
82294960,P Sarraf,0.47
4bb7f51e,A Wright,0.25
fbb657bb,Babar Hayat,0.576
f96933f0,Izatullah Dawlatzai,0.187
c024db94,RJ Ranpura,0.0
8b248d88,R Frylinck,0.333
b1b99a1a,Sajid Liaqat,0.0
79e23cc5,ML Kostic,0.111
0184dc35,R Dravid,0.0
f6aed283,CN Kakuru,1.0
82af7861,LP Kasturiarachchige,0.4
1e78c51c,J Sebanja,0.222
10ae134c,Jai Sinh,0.5
364ee2cf,SJ Benn,0.416
1ca51098,Hassan Rasheed,0.281
fdc1ac0f,Hazrat Luqman,0.0
3befa8e0,Hashir Hussain,0.0
270b4de6,NMS Param,0.3
3cf5a041,VN Veetil,0.0
f233bbb4,ST Jayasuriya,0.129
88fccd6c,SM Pollock,0.166
2318ba22,TLW Cooper,0.375
8cf9814c,Mohammed Shami,0.043
8d4a236d,AD Fofana,0.0
251eb801,Sinan Khan,0.0
6ef13460,A Balbirnie,0.37
b704da31,Waqar Ul Hassan,0.2
f0a45427,RM Koda,0.307
e205ce8b,FL Patel,0.0
092ccf20,JS Kundi,0.23
46a9bea1,TU Deshpande,1.0
e4f6147b,N Advani,0.222
0ed66ce6,C Forshaw,0.125
5208c0a1,DI Allan,0.2
34e36b65,AM Kimote,0.384
5c124657,Irfan Ahmed,0.25
7eae4418,Misbah-ul-Haq,0.358
f71de062,OL Pitcher,0.666
4a78f962,V Zanko,0.333
dc9135c6,S Srikanth,1.0
49b6c09f,JC Tredwell,0.125
ec064d97,A Dowling,0.0
75186c24,Kamran Shazad,0.333
23eeb873,DL Chahar,0.08
36101309,A Manepalli,1.0
d465c6d7,C Wright,0.444
cdf59953,SW Poynter,0.652
c4f42529,D Murphy,0.25
ad5342dc,Faisal Mubashir,0.304
37a1766e,SP Guzman,0.2
ab54f9e7,J Jarvis,0.2
123e663a,S Dhaniram,0.363
58b5299f,H Ivanov,0.583
6f14ddcb,Maaz Khan,0.217
4f7279a4,Raza Hasan,0.2
c228c52d,Arslan Amjad,0.631
1a448be0,B White,0.151
e64c10dd,VV Morea,0.0
245c97cb,TS Mills,0.125
5319f95b,Nay Lin Htun,0.0
d9de31d4,Rayhaan Ahmed,0.5
cbabd6ad,NS Dhaliwal,0.378
6b71e6cf,KC Sangakkara,0.803
9ac70727,Sohel Patel,0.5
4c49c917,Naeem Gull,0.25
befef38f,Shahzaib,0.0
e801ac71,AS Wright,0.125
9bfb8edc,Riyaz Kajalwala,0.0
6d2081aa,KA Vimlesh,0.6
2f22325f,Ameer Saiyed,0.125
ef4f539a,C Chete,0.807
64775749,RP Meredith,0.0
b858be20,AV Lalcheta,0.312
35971419,Waqas Khan,0.062
87ffd217,ZK Shem,0.0
6adabee6,Nouman Sarwar,0.571
4ff67681,MM Iqbal,0.5
d1c7dd6d,MJ Ross,0.428
372455c4,Q de Kock,1.108
e3eb9e46,Nizakat Khan,0.5
45b8f7c8,S Weleilakeba,0.666
ddc0828d,A Flintoff,0.714
28574428,J Singye,0.538
bf2d865c,JJ Atkinson,0.862
023f6b02,Nadeem Ahmed,0.5
80782209,JDP Albertze,0.25
752f7486,Ishan Kishan,0.516
b6bad765,Shaheryar Butt,0.447
e969e580,GD Arta,0.206
fdb8ed0d,SD Parry,0.4
537021f5,JT Brassell,0.166
c5aef772,R Shepherd,0.162
62708dce,S Tabuisulu,0.5
5bdcdb72,TM Dilshan,0.412
1087dd78,Mohamed Arief,0.368
ecbd4377,NH Naureen,0.0
6af3f1e6,Karweng NG,0.5
7ecb9a14,Aamir Kaleem,0.437
d5e5f96b,D Sheeli,0.571
abb7c76c,Abrar Ahmed,0.0
e871b2f0,Anser Mehmood,0.428
093ae70b,Hamid Hassan,0.12
b93b87ae,Zain Ul Abidin,0.25
69e53eb3,F Stoman,0.333
48301a4b,D la Cock,0.2
edaae5f4,Abdur Rahman Sudais,0.428
c2fd51b1,K Gilham,0.285
1777c020,Fakhar Zaman,0.543
935305fd,J Stanigze,1.0
934b36a6,Khawar Ali,0.375
fd835ab3,DJ Hussey,0.615
6834d1f2,B Stanlake,0.0
73e749e1,LE Bosman,0.071
c03f1114,KD Karthik,0.655
27159c6a,RM Haq,0.2
4167f30b,IG Holland,0.166
9018bf65,Mansoor Amjad,2.0
456397e5,T Perera,0.533
64fb6b15,A Bohara,0.177
98614193,IKO Aboagye,0.5
547408c8,NL Smith,0.5
9ab2914d,S Samarawickrama,0.578
5b16a806,A Dananjaya,0.212
dd3df124,Akramullah Malikzada,0.25
f8279d15,Sajid Patel,0.0
1ba16d18,Tarun Sharma,0.2
1ba16d18,Tarun Sharma,1.0
7f3ad1ed,SR Thompson,0.589
5f5efae1,N Tanner,0.428
77255a9e,RA Tripathi,0.6
0e0afd8b,MO Jones,0.277
fbb6d1a7,Shahzaib Jamil,0.666
3241e3fd,N Pooran,0.712
9865ed99,Asif Bevinje,0.1
465aa633,N Burger,0.0
e16e7347,CG Williams,0.085
b17e2f24,KL Rahul,0.338
17bc032c,C Munoz-Mills,0.65
c4ff0618,H Patel,0.2
2e171977,AR Patel,0.344
5dc19220,GM Strydom,0.333
4933f499,JP Behrendorff,0.437
331e137f,Walid Ghauri,0.428
881a9bdd,S Chanderpaul,0.318
4d84ad05,CJA Amini,0.305
95fcbfb7,TK Patel,0.0
fe93fd9d,RA Jadeja,0.378
4c5d73db,CR Woakes,0.363
03521fd3,HM Nicholls,0.3
a90e8bcf,Ahmadi Ravat,0.0
3cbedf51,D Ndikubwimana,0.873
86cd782f,Mehrab Hossain jnr,0.0
3029e282,Umar Amin,0.285
f4000a7d,SN Pathirana,0.421
b7db83eb,Jitin Singh,0.083
c7bb2416,GG Alta,0.125
9c33091b,SL Perera,0.5
c1077ba3,Pratis GC,0.2
9d103769,Saghar Manzoor,0.2
5d664346,TB Robinson,0.0
ed524599,RA Abolarin,0.2
f0e293b0,Zahoor Khan,0.14
2a3a3786,Aftab Alam,0.25
edae74d8,G Kaltongga,0.0
9ee21ee4,Swann Htet Ko Ko,0.111
6024d149,L Kamarlekar,4.0
788d661c,J Trembeath-Moro,0.75
64c81abf,D Suzuki,0.459
a2c03e90,D Teinaki,0.25
18c78b11,RE Levi,0.307
e086735b,Umair Qasim,0.4
f7f7bee0,Virk Ali,0.25
fd2b8c06,A Reyes,0.333
20481563,MNM Aslam,0.262
83c3e8e3,SH Johnson,0.0
158e48d6,Osman Khan,1.0
66a7f213,Anas Khan,0.227
895ae8b6,D Kalvin,0.09
8187519b,GM Hamilton,0.272
5ef3c310,M Shahbaz Butt,0.5
7636b587,D Muhumuza,0.161
6a091f62,SJ Patel,0.3
87609cbb,Naveed Ahmed,0.21
f83b77f9,Raaz Mohammad,0.238
db51b9a0,Ali Raza,0.2
db51b9a0,Ali Raza,1.05
ecfa6005,P Deol,0.333
ffca4a9d,SVA Karthikeyan,0.0
29e253dd,Iftikhar Ahmed,0.393
a073f2ff,S Thakur,0.0
33f28243,Naved-ul-Hasan,0.5
ab6b1c45,AL Phehlukwayo,0.214
4ec0443d,Ali Nayyer,0.38
3fb56752,Shahid Ahmadzai,0.0
890946a0,NV Ojha,0.0
12bba2d4,U Dorji,0.0
a8bbd62e,GI Maiden,0.333
c39ee9e0,Junaid Aziz,0.305
6709b2de,Musa Shaheen,0.38
f0568f9b,Ben Jones,0.0
c16d4035,SW Billings,0.527
8fcebe83,M Jukic,0.0
3e697d4a,Chaudhary Akram,0.75
eaa76d3c,C Green,0.461
9e0bd203,B Ward,0.375
c2f12310,PS Athavale,0.952
addfb70e,SW Tait,0.142
e3a949be,D Cleaver,1.222
3000c67e,Soochan Park,0.5
486f252b,MO Bacarese,0.25
bf172ae6,Sufyan Mehmood,0.2
6a97c7a4,Karanbir Singh,0.444
85ba5659,C Bisson,0.214
a75a78eb,MR Swart,0.269
7f122e0b,Divyendra Singh,0.937
6b64e7a3,J Mulder,0.25
60fc2c8c,T Shanmugam,0.0
92cf79a8,SR Taylor,0.333
efcb778e,J Butler,0.466
efcb778e,J Butler,0.371
5b7ab5a9,CV Varun,0.111
63d6f031,AP Rajeevan,0.687
58fba7cb,M Grzinic,0.333
1200550f,MJ Prior,0.9
0331c99a,Hassan Mehmood,0.2
1b8242f2,Imran Haider,0.09
1b8242f2,Imran Haider,1.5
bde62f47,Rasheed Rassam,0.0
1c8ada57,T Ritawa,0.272
f834dcfc,L Ngidi,0.186
21d6eb6a,Shakeel Ansar,1.0
65cf74b4,Abhishek Ahuja,1.25
baf3cf01,I Uboh,0.333
acb6ee37,RR Saun,0.0
2b7609f1,H Ssenyondo,0.078
3f9783fd,E Otgonbayar,0.888
d99de998,ZB Lion-Cachet,0.25
72275237,Anjar Tadarus,0.21
e70a0811,Nasir Aziz,0.0
54725e8b,IH Romaine,0.5
aef2982e,MB van Schelven,0.5
b9e07e44,R Abdulkareem,0.354
ea45f98b,I Mansaray,1.0
0ec45a9a,Abubacarr Kuyateh,0.2
3951be49,AB Kamara,0.333
47fe8c33,TM Anker,0.0
fc30a5b7,RP Mitchell,0.4
05c2ca46,RE van der Merwe,0.41
34dd3fd9,SSM Stanislaus,0.2
f0a0204e,MS Crane,0.0
4286e899,Syed Aqeel Israr,0.0
8ae49076,Sathya Narayanan,1.2
13598ebc,A Krishna,0.111
92593de0,J Chaturanga,0.25
aa8d28ae,D Wiese,0.37
20494202,V Hristov,1.0
c9945bdf,Simi Singh,0.301
a2421394,AC Agar,0.653
362fde0f,NA Maiolo,0.285
04df9697,JAM Henri,0.2
0079f139,R Gaznavi,0.166
8955b928,S Dhakal,0.0
c6b11959,A Gorawara,0.75
07e5bda2,L Monanthane,0.09
902d916b,Jubair Hossain,0.0
035cb925,AG Prince,0.0
00467a76,S Bodha,0.241
7e38d2de,K Weeraratne,0.8
3b1fa4cb,DO Christian,0.0
2e8994e7,JP Duminy,0.432
3355b542,F du Plessis,0.48
ea3ffd1b,NO Miller,0.222
39e6bad7,Saqib Naveed,0.0
c439461b,Ahmed Hassan,0.19
c439461b,Ahmed Hassan,1.181
6caae2dc,Omar Rassol,0.25
7fa79e6a,Qalandar Khan,0.0
77bedcce,Hadisullah Tarakhel,0.2
d1305df0,AGS Gous,0.217
cad00a4d,RR Rossouw,0.448
5338b9f5,Muhammad Muneeb,0.343
8361e524,SSB Magala,0.166
68c3f79d,LN Onyango,0.0
d3016d75,P Taylor,0.181
3748955d,Amir Ali,0.111
219a417a,Assad Borham,0.285
2f6f44bb,RDB Ahir,0.375
1339f52a,M Fontaine,0.181
bf19d427,SF Tiai,0.125
649278f3,Robiul Khan,1.0
97b109d2,Y Naing Tun,0.666
5f789ff9,R Mbaiwa,2.0
5441db8c,Aizaz Cheema,0.0
1dc12ab9,SK Raina,0.538
f6b4f746,Ahmed Faiz,0.303
1125ebe4,R Satheesan,0.394
3f9feb1e,S Sola,0.2
7d15170b,Mohamed Rishwan,0.388
e9c7f0d0,Fazalhaq Farooqi,0.119
e0febd97,Arsalan Ahmed,0.571
fe2432c4,PB Gouge,0.75
55a73018,Waqar Ali,0.0
46821fbd,Shahil Momin,0.541
6d5983d4,JC Darji,0.125
62af8546,Mohammad Nabi,0.542
13bc54a8,U Aryaman Sunil,0.32
a2369eaf,Hasan Cakir,0.0
705b8c5c,Mohammad Atif,0.666
49691d7a,CB Mpofu,0.156
cad40f5e,BA Carse,0.25
20a941bb,M Ntini,0.2
3c5df172,JKC Ahir,0.333
97290faf,S Joseph,0.375
753ada66,A Dhingra,0.111
8cae5b48,Aminuddin Ramly,0.272
bf7842c9,TAM Siriwardana,0.272
b25a3800,Meet Bhavsar,0.423
5ca0e315,G Richardson,0.0
cdc6bdba,S Sandeep Warrier,0.0
ad37baac,Tejwinder Singh,0.272
85ec8e33,SS Iyer,0.326
79aad751,PADLR Sandakan,0.3
c251b048,Luo Shilin,0.0
6f79d514,M Walker,0.0
c13e34f4,Haider Ali,0.228
6e991bd4,Amir Farooq,0.142
00d69fa4,SO Tikolo,0.333
7c7d63a2,AJ Tye,0.322
82623a3a,Waqas Ahmad,0.466
17e2a2d6,R Dianish,0.2
f3bde2b3,KDK Vithanage,0.333
2002c586,Omar Hussain,0.333
7cd7eb50,JD Freyone,0.2
643e4882,Bilal Masud,0.461
86421172,GA Lamb,0.0
ffe699c0,CJ Jordan,0.51
16dfcc19,Umar Gul,0.3
e7de4f6b,RR Emrit,0.0
fbd96cb6,Mehran Siasar,0.0
11f56b14,HV Mandhyan,0.3
e798611a,HM Amla,0.431
c2409632,ML Bojang,0.25
0ba9de33,HER Tyler,0.136
d8b2f218,BB Sran,0.0
af19aa66,PK Matautaava,0.714
dbfb8218,DT Tiripano,0.173
f6571355,CK Tshuma,0.0
d7bfcc0b,Mehran Khan,0.195
cd752e8a,Lee Kangmin,0.166
bc304f82,A Nimaga,0.333
af76af63,K Loday,0.0
3bd52be1,Mustafa Omer,1.0
d77ddc9f,JQK Moala,0.333
a15618fe,JM Vince,0.411
9e52a414,Towhid Hridoy,0.187
0a476045,S Dhawan,0.283
b05cfcec,Sajid Cheema,0.636
795df06c,AS Hansra,0.25
b23d3ec5,R Mazumder,0.333
5b8c830e,KH Pandya,0.421
0dc00542,Shahid Afridi,0.142
0dc00542,Shahid Afridi,0.303
a354c917,NT Broom,0.363
2e89652e,H Bharadwaj,0.166
af16cd9e,G Riley,0.0
4353bba5,YA Abdulla,0.0
c995d726,CA Ingram,0.222
375322d1,A Osei,0.117
cca50cd6,LJ Wright,0.28
1c17e270,RV Uthappa,0.166
ce7936a5,S Ravoka,0.5
bdd985f2,Mirwais Ashraf,0.2
22ae3041,Fawad Ahmed,0.0
c01d7726,H Thaker,0.294
1579d497,Ameel Mauroof,0.033
f28a60e0,Saad Bin Zafar,0.395
8abdf100,CJ Anderson,0.5
44482748,TO Thilappan,0.666
fa549641,Karthik Pillai,0.0
90830f8d,Alam Nakash,0.4
7fa12533,MS Chapman,0.356
e3540b8c,DS Bajwa,0.25
1f3e41fe,A Rajshekara,0.125
622be0d9,S Gooch,0.555
704e0160,A Nanda,0.419
b8d490fd,AJ Finch,0.49
397f4d3a,BM Wheeler,0.166
27aec396,M Stoman,0.0
3185266a,DLS van Bunge,0.307
402f8494,RJ Gleeson,0.666
d68e7f48,R Rampaul,0.074
0095a0e3,Noah Mead,0.333
b8e65260,Imran Ameer,0.105
5787be00,S Davizi,0.406
80f81038,Dawlat Ahmadzai,0.0
e6d298e8,CD de Lange,0.428
9811e35e,Gulsan Jha,0.263
11614d87,D Pretorius,0.2
ec483176,Taranjeet Singh,0.468
6b9eb501,OEG Baartman,0.3
f2990906,Murat Yilmaz,0.666
f8ef3653,Ibrahim Rahimi,0.8
11406bad,Mohammad Asaduzzaman,0.111
d5130a30,B Sai Sudharsan,0.0
f50433e9,LA Dunbar,0.5
4751827a,CP Schofield,0.25
10f7b52b,JD Baker,0.6
9e3575ce,N Nuntarach,0.407
cebbf3c9,Myat Thu Aung,0.222
5aeab54c,Ihsanullah,0.0
5aeab54c,Ihsanullah,0.0
c46999c7,M Podosky,0.304
3cc58287,O Bascome,0.705
29ee9bf9,K Nassoro,0.412
bbab35a3,M Yunusu Issa,0.368
2f0d7e4a,RW Chakabva,0.591
3239c8a9,R Coker,0.304
9f9b903e,TK Musakanda,0.5
b94827f0,AR Menon,0.0
1bd16445,VM Nyauchi,1.0
16c50be4,P Dhiman,0.75
4bc0a378,WP Masakadza,0.509
7f148ce7,AM McCarthy,0.0
e8637dc9,O Stewart,0.0
77191792,Mohammad Mithun,0.266
a4799701,Danish Aziz,0.0
82342b13,B Bhandari,0.525
f6e46de7,BS Sandhu,0.0
2809b390,MV Pavlovic,0.333
844e79d1,D Brevis,0.5
da738783,FN Walsh,0.0
b7f70e36,K Modise,0.285
2ecd844a,BJ Currie,0.642
1c4161b3,Bilal Safdar,0.555
6d2b9724,T Manders,0.411
ea0cdc12,BAW Mendis,0.153
f771a151,EC Rainsford,0.0
39086549,JR Philippe,0.0
df5a6881,DP Conway,0.76
915264c2,HN Ya France,0.142
2dfe0612,Ghulam Ahmadi,0.25
2911de16,Hasan Ali,0.235
489aaf0a,Parvez Hossain Emon,0.333
9f3f532a,Azeem Nazir,0.5
5a6bb1c7,Fayyaz Ahmed,1.0
711e73ac,Itibarshah Deedar,0.2
21267b60,P Chin,0.222
f092b4c7,Janak Prakash,0.604
ffafcfce,Bashir Ahmad,0.0
415ed107,K Nima,0.0
a818c1be,TA Boult,0.36
863bfcc9,J Long,0.5
926c6d3c,Abdullah Mahmood,0.428
1e50426a,M Kristensen,0.5
90ddee48,I Master,0.5
b5bd99da,Azhar Andani,0.2
9cb8d7a6,Imad Wasim,0.293
b80dd12c,Jatinder Singh,0.339
62f6d8ce,Zaheer Zahiri,0.125
d2e67105,Pargat Singh,0.105
50930025,Afsar Zazai,0.285
fe3e9880,SG Diaby,0.0
62e203d4,Junaid Siddique,0.142
62e203d4,Junaid Siddique,0.186
fdd87c7c,D Mutu,0.0
76177951,G Murali,0.25
033e9d59,Arjun Vinod,0.5
ac5ae4af,I Udana,0.117
ed6894af,D Foxcroft,0.5
2cffab74,Mukesh Kumar,0.117
30d8136b,AR Ramjani,0.395
4c4a06fb,Nasir Jamshed,0.333
4ed0bf6a,PL Bruno,0.0
0ab3c788,RP Singh,0.222
bc02b37a,Sana Ullah,0.75
4040951f,S Crowie,0.166
43d365ca,Tashi Phuntsho,0.111
888e32bf,Abdur Razzak,0.303
e1592949,KS Leverock,0.413
82e81007,Hamza Tariq,0.846
441006af,K Mirpuri,0.181
75be3b2a,JC Balt,0.4
70542bef,HJH Marshall,0.333
dabbd0ae,B Fernando,0.117
2764133a,L Vincent,0.111
c27518d2,Ziaur Rahman,0.285
db571b24,BS Stephenson,0.0
ff014c34,HG Munsey,0.394
615688b6,Usman Najeeb,0.25
039cabd9,TS Waqavakatoga,0.3
e73f6c4b,I Ntirenganya,0.193
05f96194,MA Jones,0.6
f32cbd5b,M Sert,0.0
cdd9fa95,Shahab Alam,0.333
a56f4b65,PL Mommsen,0.5
e661915c,DR Patankar,0.294
5471024e,JM Davison,0.4
f6e160d7,Shaof Hassan,0.083
b699df47,MP O'Dowd,0.342
78bbeba1,Khizar Hayat,0.282
a628a5c8,D Wabwire,0.142
b68d14a9,AJ Strauss,0.25
3560a786,C Madande,0.562
909d9fac,Javed Maroofkhail,0.285
478a63e7,C Campher,0.551
f9f857dc,Awais Ahmed,1.185
4895df9e,S Houghton,0.6
f4b6f6ac,OE Newey,0.5
374bb5e7,K Klein,0.166
4c61a0f9,NW Bracken,0.315
0e34c23a,Adnan Idrees,0.263
270bf7e2,KV Morea,0.19
99bf1fb7,A Yon,0.0
99464591,MJ North,0.0
7595b47f,Shariz Ahmad,0.2
dc60abdc,Rizwan Haider,0.133
2e005bfd,H Lin Oo,0.166
ba5e1069,R Ravindra,0.5
d8e79af0,AC Botha,0.615
ac7fa28f,IJL Trott,0.0
4043e3b0,SPS Shikongo,0.25
b0c772ee,BJ Haddin,0.676
24776ac5,GH Smit,0.0
b6004a31,Mohamed Fadiga,0.0
a80cc0cc,Shahrukh Quddus,0.0
eea27fb2,CA Liyanage,0.0
0d24b1f7,UKPW Kumaranayaka,0.375
0e6c2f00,AF Ifill,0.368
be3bdc15,NG Collins,0.125
bc69a6d3,PK Ananya,0.0
88228580,MMR Obili,0.333
89f64c19,LMP Simmons,0.522
0bacade8,Rahmanullah Gurbaz,0.619
973006cc,Amir Zaib,0.391
21d4e29b,NA Saini,0.3
a343262c,JE Root,0.562
8836fcac,M Mosehle,1.142
f0e58a83,SKW Kelly,0.0
b504e8b8,P Hatchman,0.461
390ff45b,Abdul Razzaq,0.062
c149b9ca,NJ Ferraby,0.111
847b4bdd,HA Chohan,0.062
4e22db41,NG Liyanage,0.0
8f3c6b8a,Muhammad Farooq,0.0
8f3c6b8a,Muhammad Farooq,0.25
244048f6,Arshdeep Singh,0.267
e9173fb0,SR Bhudia,0.476
156378d8,S Jora,0.322
f6d3cab2,J Masquater,0.0
650d5e49,R Powell,0.487
58c2fac4,A Athanaze,0.5
d027ba9f,KS Williamson,0.489
3fb19989,MA Starc,0.338
9f0270e0,AG Cremer,0.206
8f3c6b8a,Muhammad Farooq,0.0
8f3c6b8a,Muhammad Farooq,0.25
4a461c24,LA Dawson,0.181
a138f597,Ali Masood,0.304
25e26a23,Najeeb Amar,0.0
5fbe14fc,Imrul Kayes,0.285
349cf113,Ainool Haqqiem,0.75
44a5f2b2,Hamza Khan,0.076
97181d1b,MPS Cheema,0.263
68be5567,JS Jesani,0.0
3bf40832,GL Cloete,0.0
d62f04f5,M Ozturk,0.272
53dd7d8e,Andre Jarju,0.5
a6e4e6f9,A Govorko,1.0
2e2fe3e8,DP Hyatt,0.8
e5ecb1ef,V Ravindran,0.555
35f622e6,YJC Altamirano,0.5
8a9320a1,TM Macalou,0.214
c5981c9c,JJ Wright,0.2
a9231c3f,SR Taylor,0.333
9d710afe,DR Flynn,0.4
97e5d4bb,Simranjit Singh,0.0
ba158afd,Zahid Mahmood,0.0
2c25d4f5,D Padikkal,0.0
4a2159dc,E Ernest,0.2
938bff19,Mohammad Saleem,0.0
9025e58f,Junaid Siddiqui,0.136
a2f46292,KK Ahmed,0.222
008589a4,CM Wright,0.5
48024cf4,MM Siddique,0.0
5f5ca1a7,Tanwir Afzal,0.19
49fd9963,KF Bakiweyem,0.333
452024ef,Humayun Kabir,0.0
46ad7e01,KJ Stagno,0.48
82a33cac,W Kokaua,0.2
7267e3cd,Ibrahim Rizan,0.547
5673a3fc,NL McCullum,0.412
c7e3c349,S Samal,0.25
7f048519,DJ Willey,0.395
a9ddd37d,MNR Cooray,0.0
488b7e22,Anoop Orsu,0.263
ffb504b1,XM Marshall,0.25
1f8b4fec,T Vanuarua,0.833
